Ubigeo;Departamento;Provincia;Distrito;Casos
010101;Amazonas; Chachapoyas; Chachapoyas;35868
010102;Amazonas; Chachapoyas; Asunción;283
010103;Amazonas; Chachapoyas; Balsas;1233
010104;Amazonas; Chachapoyas; Cheto;682
010105;Amazonas; Chachapoyas; Chiliquin;628
010106;Amazonas; Chachapoyas; Chuquibamba;1979
010107;Amazonas; Chachapoyas; Granada;518
010108;Amazonas; Chachapoyas; Huancas;1286
010109;Amazonas; Chachapoyas; La Jalca;4253
010110;Amazonas; Chachapoyas; Leimebamba;3871
010111;Amazonas; Chachapoyas; Levanto;838
010112;Amazonas; Chachapoyas; Magdalena;913
010113;Amazonas; Chachapoyas; Mariscal Castilla;1454
010114;Amazonas; Chachapoyas; Molinopampa;2335
010115;Amazonas; Chachapoyas; Montevideo;528
010116;Amazonas; Chachapoyas; Olleros;419
010117;Amazonas; Chachapoyas; Quinjalca;828
010118;Amazonas; Chachapoyas; San Francisco de Daguas;321
010119;Amazonas; Chachapoyas; San Isidro de Maino;613
010120;Amazonas; Chachapoyas; Soloco;1301
010121;Amazonas; Chachapoyas; Sonche;268
010201;Amazonas; Bagua; Bagua;28836
010202;Amazonas; Bagua; Aramango;10487
010203;Amazonas; Bagua; Copallin;4972
010204;Amazonas; Bagua; El Parco;1293
010205;Amazonas; Bagua; Imaza;29852
010206;Amazonas; Bagua; La Peca;6753
010301;Amazonas; Bongara; Jumbilla;1385
010302;Amazonas; Bongara; Chisquilla;324
010303;Amazonas; Bongara; Churuja;297
010304;Amazonas; Bongara; Corosha;805
010305;Amazonas; Bongara; Cuispes;708
010306;Amazonas; Bongara; Florida;6395
010307;Amazonas; Bongara; Jazan;8059
010308;Amazonas; Bongara; Recta;221
010309;Amazonas; Bongara; San Carlos;509
010310;Amazonas; Bongara; Shipasbamba;1614
010311;Amazonas; Bongara; Valera;917
010312;Amazonas; Bongara; Yambrasbamba;5851
010401;Amazonas; Condorcanqui; Nieva;21324
010402;Amazonas; Condorcanqui; El Cenepa;11658
010403;Amazonas; Condorcanqui; Rio Santiago;16818
010501;Amazonas; Luya; Lamud;2382
010502;Amazonas; Luya; Camporredondo;7237
010503;Amazonas; Luya; Cocabamba;2095
010504;Amazonas; Luya; Colcamar;2035
010505;Amazonas; Luya; Conila;1957
010506;Amazonas; Luya; Inguilpata;526
010507;Amazonas; Luya; Longuita;901
010508;Amazonas; Luya; Lonya Chico;900
010509;Amazonas; Luya; Luya;4156
010510;Amazonas; Luya; Luya Viejo;409
010511;Amazonas; Luya; María;796
010512;Amazonas; Luya; Ocalli;3902
010513;Amazonas; Luya; Ocumal;3746
010514;Amazonas; Luya; Pisuquia;5175
010515;Amazonas; Luya; Providencia;1408
010516;Amazonas; Luya; San Cristobal;584
010517;Amazonas; Luya; San Francisco del Yeso;748
010518;Amazonas; Luya; San Jerónimo;682
010519;Amazonas; Luya; San Juan de Lopecancha;459
010520;Amazonas; Luya; Santa Catalina;2057
010521;Amazonas; Luya; Santo Tomas;3207
010522;Amazonas; Luya; Tingo;1348
010523;Amazonas; Luya; Trita;1430
010601;Amazonas; Rodríguez de Mendoza; San Nicolás;6204
010602;Amazonas; Rodríguez de Mendoza; Chirimoto;2659
010603;Amazonas; Rodríguez de Mendoza; Cochamal;624
010604;Amazonas; Rodríguez de Mendoza; Huambo;2801
010605;Amazonas; Rodríguez de Mendoza; Limabamba;2504
010606;Amazonas; Rodríguez de Mendoza; Longar;1710
010607;Amazonas; Rodríguez de Mendoza; Mariscal Benavides;1568
010608;Amazonas; Rodríguez de Mendoza; Milpuc;469
010609;Amazonas; Rodríguez de Mendoza; Omia;9458
010610;Amazonas; Rodríguez de Mendoza; Santa Rosa;539
010611;Amazonas; Rodríguez de Mendoza; Totora;295
010612;Amazonas; Rodríguez de Mendoza; Vista Alegre;3299
010701;Amazonas; Utcubamba; Bagua Grande;55764
010702;Amazonas; Utcubamba; Cajaruro;25104
010703;Amazonas; Utcubamba; Cumba;8868
010704;Amazonas; Utcubamba; El Milagro;6386
010705;Amazonas; Utcubamba; Jamalca;7319
010706;Amazonas; Utcubamba; Lonya Grande;10937
010707;Amazonas; Utcubamba; Yamon;3220
020101;Áncash; Huaraz; Huaraz;65005
020102;Áncash; Huaraz; Cochabamba;1745
020103;Áncash; Huaraz; Colcabamba;324
020104;Áncash; Huaraz; Huanchay;1737
020105;Áncash; Huaraz; Independencia;80610
020106;Áncash; Huaraz; Jangas;4971
020107;Áncash; Huaraz; La Libertad;1131
020108;Áncash; Huaraz; Olleros;2496
020109;Áncash; Huaraz; Pampas Grande;1044
020110;Áncash; Huaraz; Pariacoto;4990
020111;Áncash; Huaraz; Pira;3522
020112;Áncash; Huaraz; Tarica;6959
020201;Áncash; Aija; Aija;2130
020202;Áncash; Aija; Coris;1719
020203;Áncash; Aija; Huacllan;388
020204;Áncash; Aija; La Merced;1650
020205;Áncash; Aija; Succha;752
020301;Áncash; Antonio Raymondi; Llamellin;3457
020302;Áncash; Antonio Raymondi; Aczo;2014
020303;Áncash; Antonio Raymondi; Chaccho;1433
020304;Áncash; Antonio Raymondi; Chingas;1949
020305;Áncash; Antonio Raymondi; Mirgas;4290
020306;Áncash; Antonio Raymondi; San Juan de Rontoy;1217
020401;Áncash; Asunción; Chacas;4835
020402;Áncash; Asunción; Acochaca;3038
020501;Áncash; Bolognesi; Chiquian;4060
020502;Áncash; Bolognesi; Abelardo Pardo Lezameta;260
020503;Áncash; Bolognesi; Antonio Raymondi;1046
020504;Áncash; Bolognesi; Aquia;2204
020505;Áncash; Bolognesi; Cajacay;1811
020506;Áncash; Bolognesi; Canis;328
020507;Áncash; Bolognesi; Colquioc;2464
020508;Áncash; Bolognesi; Huallanca;6749
020509;Áncash; Bolognesi; Huasta;1504
020510;Áncash; Bolognesi; Huayllacayan;1336
020511;Áncash; Bolognesi; La Primavera;478
020512;Áncash; Bolognesi; Mangas;522
020513;Áncash; Bolognesi; Pacllon;972
020514;Áncash; Bolognesi; San Miguel de Corpanqui;519
020515;Áncash; Bolognesi; Ticllos;687
020601;Áncash; Carhuaz; Carhuaz;15859
020602;Áncash; Carhuaz; Acopampa;2696
020603;Áncash; Carhuaz; Amashca;1528
020604;Áncash; Carhuaz; Anta;2520
020605;Áncash; Carhuaz; Ataquero;1574
020606;Áncash; Carhuaz; Marcara;10179
020607;Áncash; Carhuaz; Pariahuanca;1447
020608;Áncash; Carhuaz; San Miguel de Aco;2483
020609;Áncash; Carhuaz; Shilla;2955
020610;Áncash; Carhuaz; Tinco;3608
020611;Áncash; Carhuaz; Yungar;3223
020701;Áncash; Carlos Fermín Fitzcarrald; San Luis;11156
020702;Áncash; Carlos Fermín Fitzcarrald; San Nicolás;3324
020703;Áncash; Carlos Fermín Fitzcarrald; Yauya;4336
020801;Áncash; Casma; Casma;37190
020802;Áncash; Casma; Buena Vista Alta;5003
020803;Áncash; Casma; Comandante Noel;2242
020804;Áncash; Casma; Yautan;8680
020901;Áncash; Corongo; Corongo;1774
020902;Áncash; Corongo; Aco;404
020903;Áncash; Corongo; Bambas;479
020904;Áncash; Corongo; Cusca;2828
020905;Áncash; Corongo; La Pampa;1081
020906;Áncash; Corongo; Yanac;673
020907;Áncash; Corongo; Yupan;735
021001;Áncash; Huari; Huari;9700
021002;Áncash; Huari; Anra;1472
021003;Áncash; Huari; Cajay;2707
021004;Áncash; Huari; Chavin de Huantar;8510
021005;Áncash; Huari; Huacachi;1876
021006;Áncash; Huari; Huacchis;1503
021007;Áncash; Huari; Huachis;3589
021008;Áncash; Huari; Huantar;2772
021009;Áncash; Huari; Masin;1452
021010;Áncash; Huari; Paucas;1639
021011;Áncash; Huari; Ponto;2840
021012;Áncash; Huari; Rahuapampa;741
021013;Áncash; Huari; Rapayan;1501
021014;Áncash; Huari; San Marcos;17945
021015;Áncash; Huari; San Pedro de Chana;2663
021016;Áncash; Huari; Uco;1368
021101;Áncash; Huarmey; Huarmey;25590
021102;Áncash; Huarmey; Cochapeti;817
021103;Áncash; Huarmey; Culebras;3305
021104;Áncash; Huarmey; Huayan;973
021105;Áncash; Huarmey; Malvas;804
021201;Áncash; Huaylas; Caraz;25912
021202;Áncash; Huaylas; Huallanca;1062
021203;Áncash; Huaylas; Huata;1419
021204;Áncash; Huaylas; Huaylas;1716
021205;Áncash; Huaylas; Mato;1971
021206;Áncash; Huaylas; Pamparomas;8476
021207;Áncash; Huaylas; Pueblo Libre;6887
021208;Áncash; Huaylas; Santa Cruz;4583
021209;Áncash; Huaylas; Santo Toribio;1136
021210;Áncash; Huaylas; Yuracmarca;2087
021301;Áncash; Mariscal Luzuriaga; Piscobamba;3179
021302;Áncash; Mariscal Luzuriaga; Casca;4026
021303;Áncash; Mariscal Luzuriaga; Eleazar Guzmán Barron;1385
021304;Áncash; Mariscal Luzuriaga; Fidel Olivas Escudero;2030
021305;Áncash; Mariscal Luzuriaga; Llama;1070
021306;Áncash; Mariscal Luzuriaga; Llumpa;6191
021307;Áncash; Mariscal Luzuriaga; Lucma;2901
021308;Áncash; Mariscal Luzuriaga; Musga;1035
021401;Áncash; Ocros; Ocros;1284
021402;Áncash; Ocros; Acas;703
021403;Áncash; Ocros; Cajamarquilla;321
021404;Áncash; Ocros; Carhuapampa;498
021405;Áncash; Ocros; Cochas;1512
021406;Áncash; Ocros; Congas;1294
021407;Áncash; Ocros; Llipa;301
021408;Áncash; Ocros; San Cristóbal de Rajan;463
021409;Áncash; Ocros; San Pedro;670
021410;Áncash; Ocros; Santiago de Chilcas;445
021501;Áncash; Pallasca; Cabana;2609
021502;Áncash; Pallasca; Bolognesi;1071
021503;Áncash; Pallasca; Conchucos;7825
021504;Áncash; Pallasca; Huacaschuque;553
021505;Áncash; Pallasca; Huandoval;1083
021506;Áncash; Pallasca; Lacabamba;538
021507;Áncash; Pallasca; Llapo;631
021508;Áncash; Pallasca; Pallasca;2517
021509;Áncash; Pallasca; Pampas;4205
021510;Áncash; Pallasca; Santa Rosa;1135
021511;Áncash; Pallasca; Tauca;2860
021601;Áncash; Pomabamba; Pomabamba;14756
021602;Áncash; Pomabamba; Huayllan;3132
021603;Áncash; Pomabamba; Parobamba;6389
021604;Áncash; Pomabamba; Quinuabamba;2328
021701;Áncash; Recuay; Recuay;4606
021702;Áncash; Recuay; Catac;4038
021703;Áncash; Recuay; Cotaparaco;428
021704;Áncash; Recuay; Huayllapampa;664
021705;Áncash; Recuay; Llacllin;945
021706;Áncash; Recuay; Marca;1696
021707;Áncash; Recuay; Pampas Chico;970
021708;Áncash; Recuay; Pararin;1603
021709;Áncash; Recuay; Tapacocha;448
021710;Áncash; Recuay; Ticapampa;2668
021801;Áncash; Santa; Chimbote;213872
021802;Áncash; Santa; Cáceres del Perú;4789
021803;Áncash; Santa; Coishco;16653
021804;Áncash; Santa; Macate;3340
021805;Áncash; Santa; Moro;8311
021806;Áncash; Santa; Nepeña;14413
021807;Áncash; Santa; Samanco;4921
021808;Áncash; Santa; Santa;21306
021809;Áncash; Santa; Nuevo Chimbote;163579
021901;Áncash; Sihuas; Sihuas;5599
021902;Áncash; Sihuas; Acobamba;1695
021903;Áncash; Sihuas; Alfonso Ugarte;567
021904;Áncash; Sihuas; Cashapampa;2936
021905;Áncash; Sihuas; Chingalpo;950
021906;Áncash; Sihuas; Huayllabamba;3762
021907;Áncash; Sihuas; Quiches;2447
021908;Áncash; Sihuas; Ragash;2447
021909;Áncash; Sihuas; San Juan;6722
021910;Áncash; Sihuas; Sicsibamba;1561
022001;Áncash; Yungay; Yungay;21577
022002;Áncash; Yungay; Cascapara;1748
022003;Áncash; Yungay; Mancos;6863
022004;Áncash; Yungay; Matacoto;1496
022005;Áncash; Yungay; Quillo;12761
022006;Áncash; Yungay; Ranrahirca;2899
022007;Áncash; Yungay; Shupluy;1955
022008;Áncash; Yungay; Yanama;5601
030101;Apurímac; Abancay; Abancay;71260
030102;Apurímac; Abancay; Chacoche;1396
030103;Apurímac; Abancay; Circa;1952
030104;Apurímac; Abancay; Curahuasi;17065
030105;Apurímac; Abancay; Huanipaca;3069
030106;Apurímac; Abancay; Lambrama;3169
030107;Apurímac; Abancay; Pichirhua;2928
030108;Apurímac; Abancay; San Pedro de Cachora;2679
030109;Apurímac; Abancay; Tamburco;11204
030201;Apurímac; Andahuaylas; Andahuaylas;43560
030202;Apurímac; Andahuaylas; Andarapa;5757
030203;Apurímac; Andahuaylas; Chiara;1238
030204;Apurímac; Andahuaylas; Huancarama;5454
030205;Apurímac; Andahuaylas; Huancaray;3965
030206;Apurímac; Andahuaylas; Huayana;793
030207;Apurímac; Andahuaylas; Kishuara;6453
030208;Apurímac; Andahuaylas; Pacobamba;3618
030209;Apurímac; Andahuaylas; Pacucha;8681
030210;Apurímac; Andahuaylas; Pampachiri;2318
030211;Apurímac; Andahuaylas; Pomacocha;911
030212;Apurímac; Andahuaylas; San Antonio de Cachi;3047
030213;Apurímac; Andahuaylas; San Jerónimo;21915
030214;Apurímac; Andahuaylas; San Miguel de Chaccrampa;1694
030215;Apurímac; Andahuaylas; Santa María de Chicmo;8770
030216;Apurímac; Andahuaylas; Talavera;19251
030217;Apurímac; Andahuaylas; Tumay Huaraca;1965
030218;Apurímac; Andahuaylas; Turpo;3815
030219;Apurímac; Andahuaylas; Kaquiabamba;1876
030220;Apurímac; Andahuaylas; José María Arguedas;4186
030301;Apurímac; Antabamba; Antabamba;2925
030302;Apurímac; Antabamba; El Oro;577
030303;Apurímac; Antabamba; Huaquirca;1909
030304;Apurímac; Antabamba; Juan Espinoza Medrano;1788
030305;Apurímac; Antabamba; Oropesa;2402
030306;Apurímac; Antabamba; Pachaconas;1099
030307;Apurímac; Antabamba; Sabaino;1161
030401;Apurímac; Aymaraes; Chalhuanca;5074
030402;Apurímac; Aymaraes; Capaya;621
030403;Apurímac; Aymaraes; Caraybamba;989
030404;Apurímac; Aymaraes; Chapimarca;1972
030405;Apurímac; Aymaraes; Colcabamba;729
030406;Apurímac; Aymaraes; Cotaruse;2755
030407;Apurímac; Aymaraes; Ihuayllo;484
030408;Apurímac; Aymaraes; Justo Apu Sahuaraura;781
030409;Apurímac; Aymaraes; Lucre;1613
030410;Apurímac; Aymaraes; Pocohuanca;1066
030411;Apurímac; Aymaraes; San Juan de Chacña;799
030412;Apurímac; Aymaraes; Sañayca;1156
030413;Apurímac; Aymaraes; Soraya;745
030414;Apurímac; Aymaraes; Tapairihua;1949
030415;Apurímac; Aymaraes; Tintay;2407
030416;Apurímac; Aymaraes; Toraya;1347
030417;Apurímac; Aymaraes; Yanaca;1027
030501;Apurímac; Cotabambas; Tambobamba;10757
030502;Apurímac; Cotabambas; Cotabambas;4107
030503;Apurímac; Cotabambas; Coyllurqui;6967
030504;Apurímac; Cotabambas; Haquira;9949
030505;Apurímac; Cotabambas; Mara;6180
030506;Apurímac; Cotabambas; Challhuahuacho;15018
030601;Apurímac; Chincheros; Chincheros;5535
030602;Apurímac; Chincheros; Anco_Huallo;10746
030603;Apurímac; Chincheros; Cocharcas;1824
030604;Apurímac; Chincheros; Huaccana;6979
030605;Apurímac; Chincheros; Ocobamba;7208
030606;Apurímac; Chincheros; Ongoy;2479
030607;Apurímac; Chincheros; Uranmarca;2820
030608;Apurímac; Chincheros; Ranracancha;4256
030609;Apurímac; Chincheros; Rocchacc;2822
030610;Apurímac; Chincheros; El Porvenir;1802
030611;Apurímac; Chincheros; Los Chankas;1051
030701;Apurímac; Grau; Chuquibambilla;5314
030702;Apurímac; Grau; Curpahuasi;2043
030703;Apurímac; Grau; Gamarra;2927
030704;Apurímac; Grau; Huayllati;1437
030705;Apurímac; Grau; Mamara;904
030706;Apurímac; Grau; Micaela Bastidas;971
030707;Apurímac; Grau; Pataypampa;838
030708;Apurímac; Grau; Progreso;3119
030709;Apurímac; Grau; San Antonio;288
030710;Apurímac; Grau; Santa Rosa;593
030711;Apurímac; Grau; Turpay;667
030712;Apurímac; Grau; Vilcabamba;1302
030713;Apurímac; Grau; Virundo;705
030714;Apurímac; Grau; Curasco;1287
040101;Arequipa; Arequipa; Arequipa;57847
040102;Arequipa; Arequipa; Alto Selva Alegre;88056
040103;Arequipa; Arequipa; Cayma;99968
040104;Arequipa; Arequipa; Cerro Colorado;207114
040105;Arequipa; Arequipa; Characato;14047
040106;Arequipa; Arequipa; Chiguata;3128
040107;Arequipa; Arequipa; Jacobo Hunter;52426
040108;Arequipa; Arequipa; La Joya;35943
040109;Arequipa; Arequipa; Mariano Melgar;63899
040110;Arequipa; Arequipa; Miraflores;62895
040111;Arequipa; Arequipa; Mollebaya;5208
040112;Arequipa; Arequipa; Paucarpata;135923
040113;Arequipa; Arequipa; Pocsi;493
040114;Arequipa; Arequipa; Polobaya;931
040115;Arequipa; Arequipa; Quequeña;5043
040116;Arequipa; Arequipa; Sabandia;4511
040117;Arequipa; Arequipa; Sachaca;25612
040118;Arequipa; Arequipa; San Juan de Siguas;691
040119;Arequipa; Arequipa; San Juan de Tarucani;1490
040120;Arequipa; Arequipa; Santa Isabel de Siguas;771
040121;Arequipa; Arequipa; Santa Rita de Siguas;6962
040122;Arequipa; Arequipa; Socabaya;78762
040123;Arequipa; Arequipa; Tiabaya;17102
040124;Arequipa; Arequipa; Uchumayo;15391
040125;Arequipa; Arequipa; Vitor;4198
040126;Arequipa; Arequipa; Yanahuara;26512
040127;Arequipa; Arequipa; Yarabamba;1458
040128;Arequipa; Arequipa; Yura;36455
040129;Arequipa; Arequipa; José Luis Bustamante Y Rivero;84251
040201;Arequipa; Camaná; Camaná;13569
040202;Arequipa; Camaná; José María Quimper;4690
040203;Arequipa; Camaná; Mariano Nicolás Valcárcel;7610
040204;Arequipa; Camaná; Mariscal Cáceres;6451
040205;Arequipa; Camaná; Nicolás de Pierola;7603
040206;Arequipa; Camaná; Ocoña;4285
040207;Arequipa; Camaná; Quilca;1044
040208;Arequipa; Camaná; Samuel Pastor;16364
040301;Arequipa; Caravelí; Caravelí;4289
040302;Arequipa; Caravelí; Acarí;5100
040303;Arequipa; Caravelí; Atico;5753
040304;Arequipa; Caravelí; Atiquipa;542
040305;Arequipa; Caravelí; Bella Unión;3321
040306;Arequipa; Caravelí; Cahuacho;682
040307;Arequipa; Caravelí; Chala;9385
040308;Arequipa; Caravelí; Chaparra;3806
040309;Arequipa; Caravelí; Huanuhuanu;3164
040310;Arequipa; Caravelí; Jaqui;1654
040311;Arequipa; Caravelí; Lomas;1546
040312;Arequipa; Caravelí; Quicacha;1969
040313;Arequipa; Caravelí; Yauca;2032
040401;Arequipa; Castilla; Aplao;9250
040402;Arequipa; Castilla; Andagua;1102
040403;Arequipa; Castilla; Ayo;261
040404;Arequipa; Castilla; Chachas;1758
040405;Arequipa; Castilla; Chilcaymarca;1025
040406;Arequipa; Castilla; Choco;767
040407;Arequipa; Castilla; Huancarqui;1609
040408;Arequipa; Castilla; Machaguay;546
040409;Arequipa; Castilla; Orcopampa;8800
040410;Arequipa; Castilla; Pampacolca;2152
040411;Arequipa; Castilla; Tipan;474
040412;Arequipa; Castilla; Uñon;221
040413;Arequipa; Castilla; Uraca;6936
040414;Arequipa; Castilla; Viraco;1660
040501;Arequipa; Caylloma; Chivay;6242
040502;Arequipa; Caylloma; Achoma;907
040503;Arequipa; Caylloma; Cabanaconde;2314
040504;Arequipa; Caylloma; Callalli;1599
040505;Arequipa; Caylloma; Caylloma;3898
040506;Arequipa; Caylloma; Coporaque;1220
040507;Arequipa; Caylloma; Huambo;729
040508;Arequipa; Caylloma; Huanca;1106
040509;Arequipa; Caylloma; Ichupampa;598
040510;Arequipa; Caylloma; Lari;970
040511;Arequipa; Caylloma; Lluta;788
040512;Arequipa; Caylloma; Maca;756
040513;Arequipa; Caylloma; Madrigal;693
040514;Arequipa; Caylloma; San Antonio de Chuca;975
040515;Arequipa; Caylloma; Sibayo;726
040516;Arequipa; Caylloma; Tapay;801
040517;Arequipa; Caylloma; Tisco;1602
040518;Arequipa; Caylloma; Tuti;672
040519;Arequipa; Caylloma; Yanque;2271
040520;Arequipa; Caylloma; Majes;65909
040601;Arequipa; Condesuyos; Chuquibamba;3526
040602;Arequipa; Condesuyos; Andaray;711
040603;Arequipa; Condesuyos; Cayarani;3474
040604;Arequipa; Condesuyos; Chichas;726
040605;Arequipa; Condesuyos; Iray;641
040606;Arequipa; Condesuyos; Río Grande;3567
040607;Arequipa; Condesuyos; Salamanca;517
040608;Arequipa; Condesuyos; Yanaquihua;4288
040701;Arequipa; Islay; Mollendo;26733
040702;Arequipa; Islay; Cocachacra;8823
040703;Arequipa; Islay; Dean Valdivia;7167
040704;Arequipa; Islay; Islay;5279
040705;Arequipa; Islay; Mejia;1255
040706;Arequipa; Islay; Punta de Bombón;6696
040801;Arequipa; La Unión; Cotahuasi;3089
040802;Arequipa; La Unión; Alca;1975
040803;Arequipa; La Unión; Charcana;618
040804;Arequipa; La Unión; Huaynacotas;2041
040805;Arequipa; La Unión; Pampamarca;1204
040806;Arequipa; La Unión; Puyca;2528
040807;Arequipa; La Unión; Quechualla;287
040808;Arequipa; La Unión; Sayla;347
040809;Arequipa; La Unión; Tauria;329
040810;Arequipa; La Unión; Tomepampa;724
040811;Arequipa; La Unión; Toro;605
050101;Ayacucho; Huamanga; Ayacucho;103515
050102;Ayacucho; Huamanga; Acocro;8088
050103;Ayacucho; Huamanga; Acos Vinchos;4600
050104;Ayacucho; Huamanga; Carmen Alto;29459
050105;Ayacucho; Huamanga; Chiara;6154
050106;Ayacucho; Huamanga; Ocros;5702
050107;Ayacucho; Huamanga; Pacaycasa;3296
050108;Ayacucho; Huamanga; Quinua;5385
050109;Ayacucho; Huamanga; San José de Ticllas;1478
050110;Ayacucho; Huamanga; San Juan Bautista;50325
050111;Ayacucho; Huamanga; Santiago de Pischa;1515
050112;Ayacucho; Huamanga; Socos;6328
050113;Ayacucho; Huamanga; Tambillo;5504
050114;Ayacucho; Huamanga; Vinchos;14901
050115;Ayacucho; Huamanga; Jesús Nazareno;19480
050116;Ayacucho; Huamanga; Andrés Avelino Cáceres Dorregaray;29230
050201;Ayacucho; Cangallo; Cangallo;6008
050202;Ayacucho; Cangallo; Chuschi;8906
050203;Ayacucho; Cangallo; Los Morochucos;8146
050204;Ayacucho; Cangallo; María Parado de Bellido;2167
050205;Ayacucho; Cangallo; Paras;4408
050206;Ayacucho; Cangallo; Totos;3177
050301;Ayacucho; Huanca Sancos; Sancos;3239
050302;Ayacucho; Huanca Sancos; Carapo;1916
050303;Ayacucho; Huanca Sancos; Sacsamarca;1392
050304;Ayacucho; Huanca Sancos; Santiago de Lucanamarca;2181
050401;Ayacucho; Huanta; Huanta;41615
050402;Ayacucho; Huanta; Ayahuanco;1260
050403;Ayacucho; Huanta; Huamanguilla;4400
050404;Ayacucho; Huanta; Iguain;2838
050405;Ayacucho; Huanta; Luricocha;5990
050406;Ayacucho; Huanta; Santillana;4075
050407;Ayacucho; Huanta; Sivia;11915
050408;Ayacucho; Huanta; Llochegua;11058
050409;Ayacucho; Huanta; Canayre;3938
050410;Ayacucho; Huanta; Uchuraccay;3861
050411;Ayacucho; Huanta; Pucacolpa;2692
050412;Ayacucho; Huanta; Chaca;2262
050501;Ayacucho; La Mar; San Miguel;11168
050502;Ayacucho; La Mar; Anco;8496
050503;Ayacucho; La Mar; Ayna;10038
050504;Ayacucho; La Mar; Chilcas;1738
050505;Ayacucho; La Mar; Chungui;4545
050506;Ayacucho; La Mar; Luis Carranza;1337
050507;Ayacucho; La Mar; Santa Rosa;12377
050508;Ayacucho; La Mar; Tambo;10667
050509;Ayacucho; La Mar; Samugari;10459
050510;Ayacucho; La Mar; Anchihuay;4501
050511;Ayacucho; La Mar; Oronccoy;1127
050601;Ayacucho; Lucanas; Puquio;14439
050602;Ayacucho; Lucanas; Aucara;2963
050603;Ayacucho; Lucanas; Cabana;2193
050604;Ayacucho; Lucanas; Carmen Salcedo;1797
050605;Ayacucho; Lucanas; Chaviña;2303
050606;Ayacucho; Lucanas; Chipao;2702
050607;Ayacucho; Lucanas; Huac-Huas;1732
050608;Ayacucho; Lucanas; Laramate;1721
050609;Ayacucho; Lucanas; Leoncio Prado;1182
050610;Ayacucho; Lucanas; Llauta;960
050611;Ayacucho; Lucanas; Lucanas;2897
050612;Ayacucho; Lucanas; Ocaña;2453
050613;Ayacucho; Lucanas; Otoca;2041
050614;Ayacucho; Lucanas; Saisa;851
050615;Ayacucho; Lucanas; San Cristobal;1850
050616;Ayacucho; Lucanas; San Juan;1023
050617;Ayacucho; Lucanas; San Pedro;2785
050618;Ayacucho; Lucanas; San Pedro de Palco;1001
050619;Ayacucho; Lucanas; Sancos;4987
050620;Ayacucho; Lucanas; Santa Ana de HuaycAHUACHO;828
050621;Ayacucho; Lucanas; Santa Lucia;1379
050701;Ayacucho; Parinacochas; Coracora;13852
050702;Ayacucho; Parinacochas; Chumpi;2334
050703;Ayacucho; Parinacochas; Coronel Castañeda;1767
050704;Ayacucho; Parinacochas; Pacapausa;670
050705;Ayacucho; Parinacochas; Pullo;6548
050706;Ayacucho; Parinacochas; Puyusca;2176
050707;Ayacucho; Parinacochas; San Francisco de Ravacayco;548
050708;Ayacucho; Parinacochas; Upahuacho;1224
050801;Ayacucho; Páucar del Sara Sara; Pausa;3317
050802;Ayacucho; Páucar del Sara Sara; Colta;496
050803;Ayacucho; Páucar del Sara Sara; Corculla;469
050804;Ayacucho; Páucar del Sara Sara; Lampa;2079
050805;Ayacucho; Páucar del Sara Sara; Marcabamba;652
050806;Ayacucho; Páucar del Sara Sara; Oyolo;1525
050807;Ayacucho; Páucar del Sara Sara; Pararca;439
050808;Ayacucho; Páucar del Sara Sara; San Javier de Alpabamba;312
050809;Ayacucho; Páucar del Sara Sara; San José de Ushua;233
050810;Ayacucho; Páucar del Sara Sara; Sara Sara;537
050901;Ayacucho; Sucre; Querobamba;2616
050902;Ayacucho; Sucre; Belén;347
050903;Ayacucho; Sucre; Chalcos;506
050904;Ayacucho; Sucre; Chilcayoc;515
050905;Ayacucho; Sucre; Huacaña;390
050906;Ayacucho; Sucre; Morcolla;1311
050907;Ayacucho; Sucre; Paico;583
050908;Ayacucho; Sucre; San Pedro de Larcay;844
050909;Ayacucho; Sucre; San Salvador de Quije;1048
050910;Ayacucho; Sucre; Santiago de Paucaray;625
050911;Ayacucho; Sucre; Soras;1059
051001;Ayacucho; Víctor Fajardo; Huancapi;1976
051002;Ayacucho; Víctor Fajardo; Alcamenca;1583
051003;Ayacucho; Víctor Fajardo; Apongo;661
051004;Ayacucho; Víctor Fajardo; Asquipata;483
051005;Ayacucho; Víctor Fajardo; Canaria;4013
051006;Ayacucho; Víctor Fajardo; Cayara;1177
051007;Ayacucho; Víctor Fajardo; Colca;1058
051008;Ayacucho; Víctor Fajardo; Huamanquiquia;1138
051009;Ayacucho; Víctor Fajardo; Huancaraylla;1338
051010;Ayacucho; Víctor Fajardo; Hualla;2189
051011;Ayacucho; Víctor Fajardo; Sarhua;2692
051012;Ayacucho; Víctor Fajardo; Vilcanchos;2497
051101;Ayacucho; Vilcas Huamán; Vilcas Huamán;6835
051102;Ayacucho; Vilcas Huamán; Accomarca;936
051103;Ayacucho; Vilcas Huamán; Carhuanca;870
051104;Ayacucho; Vilcas Huamán; Concepción;1766
051105;Ayacucho; Vilcas Huamán; Huambalpa;1430
051106;Ayacucho; Vilcas Huamán; Independencia;1213
051107;Ayacucho; Vilcas Huamán; Saurama;1115
051108;Ayacucho; Vilcas Huamán; Vischongo;4004
060101;Cajamarca; Cajamarca; Cajamarca;231243
060102;Cajamarca; Cajamarca; Asunción;8484
060103;Cajamarca; Cajamarca; Chetilla;3878
060104;Cajamarca; Cajamarca; Cospan;7264
060105;Cajamarca; Cajamarca; Encañada;20568
060106;Cajamarca; Cajamarca; Jesús;16064
060107;Cajamarca; Cajamarca; Llacanora;6225
060108;Cajamarca; Cajamarca; Los Baños del Inca;48602
060109;Cajamarca; Cajamarca; Magdalena;8848
060110;Cajamarca; Cajamarca; Matara;3769
060111;Cajamarca; Cajamarca; Namora;10085
060112;Cajamarca; Cajamarca; San Juan;4564
060201;Cajamarca; Cajabamba; Cajabamba;32651
060202;Cajamarca; Cajabamba; Cachachi;25109
060203;Cajamarca; Cajabamba; Condebamba;14749
060204;Cajamarca; Cajabamba; Sitacocha;8121
060301;Cajamarca; Celendín; Celendín;28005
060302;Cajamarca; Celendín; Chumuch;2762
060303;Cajamarca; Celendín; Cortegana;7449
060304;Cajamarca; Celendín; Huasmin;11279
060305;Cajamarca; Celendín; Jorge Chávez;477
060306;Cajamarca; Celendín; José Galvez;2757
060307;Cajamarca; Celendín; Miguel Iglesias;4078
060308;Cajamarca; Celendín; Oxamarca;5907
060309;Cajamarca; Celendín; Sorochuco;7899
060310;Cajamarca; Celendín; Sucre;5504
060311;Cajamarca; Celendín; Utco;1116
060312;Cajamarca; Celendín; La Libertad de Pallan;6990
060401;Cajamarca; Chota; Chota;49863
060402;Cajamarca; Chota; Anguia;3385
060403;Cajamarca; Chota; Chadin;3701
060404;Cajamarca; Chota; Chiguirip;3800
060405;Cajamarca; Chota; Chimban;2379
060406;Cajamarca; Chota; Choropampa;2467
060407;Cajamarca; Chota; Cochabamba;5960
060408;Cajamarca; Chota; Conchan;6009
060409;Cajamarca; Chota; Huambos;8713
060410;Cajamarca; Chota; Lajas;11746
060411;Cajamarca; Chota; Llama;7481
060412;Cajamarca; Chota; Miracosta;3359
060413;Cajamarca; Chota; Paccha;4702
060414;Cajamarca; Chota; Pion;1281
060415;Cajamarca; Chota; Querocoto;8849
060416;Cajamarca; Chota; San Juan de Licupis;995
060417;Cajamarca; Chota; Tacabamba;17008
060418;Cajamarca; Chota; Tocmoche;897
060419;Cajamarca; Chota; Chalamarca;9788
060501;Cajamarca; Contumazá; Contumazá;8131
060502;Cajamarca; Contumazá; Chilete;2811
060503;Cajamarca; Contumazá; Cupisnique;1423
060504;Cajamarca; Contumazá; Guzmango;2845
060505;Cajamarca; Contumazá; San Benito;3569
060506;Cajamarca; Contumazá; Santa Cruz de Toled;1057
060507;Cajamarca; Contumazá; Tantarica;2609
060508;Cajamarca; Contumazá; Yonan;7087
060601;Cajamarca; Cutervo; Cutervo;51309
060602;Cajamarca; Cutervo; Callayuc;9722
060603;Cajamarca; Cutervo; Choros;3317
060604;Cajamarca; Cutervo; Cujillo;2618
060605;Cajamarca; Cutervo; La Ramada;4088
060606;Cajamarca; Cutervo; Pimpingos;5288
060607;Cajamarca; Cutervo; Querocotillo;13911
060608;Cajamarca; Cutervo; San Andrés de Cutervo;4442
060609;Cajamarca; Cutervo; San Juan de Cutervo;1900
060610;Cajamarca; Cutervo; San Luis de Lucma;3153
060611;Cajamarca; Cutervo; Santa Cruz;2758
060612;Cajamarca; Cutervo; Santo Domingo de la Capilla;5071
060613;Cajamarca; Cutervo; Santo Tomas;7687
060614;Cajamarca; Cutervo; Socota;9406
060615;Cajamarca; Cutervo; Toribio Casanova;1163
060701;Cajamarca; Hualgayoc; Bambamarca;65205
060702;Cajamarca; Hualgayoc; Chugur;3051
060703;Cajamarca; Hualgayoc; Hualgayoc;16223
060801;Cajamarca; Jaén; Jaén;100920
060802;Cajamarca; Jaén; Bellavista;16082
060803;Cajamarca; Jaén; Chontali;10260
060804;Cajamarca; Jaén; Colasay;10663
060805;Cajamarca; Jaén; Huabal;8651
060806;Cajamarca; Jaén; Las Pirias;4547
060807;Cajamarca; Jaén; Pomahuaca;9079
060808;Cajamarca; Jaén; Pucara;6856
060809;Cajamarca; Jaén; Sallique;7515
060810;Cajamarca; Jaén; San Felipe;4882
060811;Cajamarca; Jaén; San José del Alto;7749
060812;Cajamarca; Jaén; Santa Rosa;10630
060901;Cajamarca; San Ignacio; San Ignacio;38135
060902;Cajamarca; San Ignacio; Chirinos;15316
060903;Cajamarca; San Ignacio; Huarango;18858
060904;Cajamarca; San Ignacio; La Coipa;20538
060905;Cajamarca; San Ignacio; Namballe;9922
060906;Cajamarca; San Ignacio; San José de Lourdes;19372
060907;Cajamarca; San Ignacio; Tabaconas;19333
061001;Cajamarca; San Marcos; Pedro Gálvez;21015
061002;Cajamarca; San Marcos; Chancay;3096
061003;Cajamarca; San Marcos; Eduardo Villanueva;2851
061004;Cajamarca; San Marcos; Gregorio Pita;5461
061005;Cajamarca; San Marcos; Ichocan;1995
061006;Cajamarca; San Marcos; José Manuel Quiroz;3711
061007;Cajamarca; San Marcos; José Sabogal;13023
061101;Cajamarca; San Miguel; San Miguel;14269
061102;Cajamarca; San Miguel; Bolívar;1368
061103;Cajamarca; San Miguel; Calquis;4286
061104;Cajamarca; San Miguel; Catilluc;2901
061105;Cajamarca; San Miguel; El Prado;1704
061106;Cajamarca; San Miguel; La Florida;2221
061107;Cajamarca; San Miguel; Llapa;4709
061108;Cajamarca; San Miguel; Nanchoc;1368
061109;Cajamarca; San Miguel; Niepos;3470
061110;Cajamarca; San Miguel; San Gregorio;2304
061111;Cajamarca; San Miguel; San Silvestre de Cochan;3864
061112;Cajamarca; San Miguel; Tongod;2816
061113;Cajamarca; San Miguel; Unión Agua Blanca;3219
061201;Cajamarca; San Pablo; San Pablo;13352
061202;Cajamarca; San Pablo; San Bernardino;4573
061203;Cajamarca; San Pablo; San Luis;998
061204;Cajamarca; San Pablo; Tumbaden;3649
061301;Cajamarca; Santa Cruz; Santa Cruz;9791
061302;Cajamarca; Santa Cruz; Andabamba;1384
061303;Cajamarca; Santa Cruz; Catache;9732
061304;Cajamarca; Santa Cruz; Chancaybaños;3536
061305;Cajamarca; Santa Cruz; La Esperanza;2438
061306;Cajamarca; Santa Cruz; Ninabamba;2163
061307;Cajamarca; Santa Cruz; Pulan;4050
061308;Cajamarca; Santa Cruz; Saucepampa;1502
061309;Cajamarca; Santa Cruz; Sexi;446
061310;Cajamarca; Santa Cruz; Uticyacu;1321
061311;Cajamarca; Santa Cruz; Yauyucan;2959
070101;Prov. Constitucional del Callao; distrito;;479418
070102;Prov. Constitucional del Callao; distrito;;77679
070103;Prov. Constitucional del Callao; distrito;;44377
070104;Prov. Constitucional del Callao; distrito;;62387
070105;Prov. Constitucional del Callao; distrito;;3926
070106;Prov. Constitucional del Callao; distrito;;331119
070107;Prov. Constitucional del Callao; distrito;;48047
080101;Cusco; Cusco; Cusco;124707
080102;Cusco; Cusco; Ccorca;2411
080103;Cusco; Cusco; Poroy;2644
080104;Cusco; Cusco; San Jerónimo;61139
080105;Cusco; Cusco; San Sebastian;120063
080106;Cusco; Cusco; Santiago;100124
080107;Cusco; Cusco; Saylla;5938
080108;Cusco; Cusco; Wanchaq;61468
080201;Cusco; Acomayo; Acomayo;4779
080202;Cusco; Acomayo; Acopia;2953
080203;Cusco; Acomayo; Acos;2395
080204;Cusco; Acomayo; Mosoc Llacta;1203
080205;Cusco; Acomayo; Pomacanchi;7768
080206;Cusco; Acomayo; Rondocan;2095
080207;Cusco; Acomayo; Sangarara;3485
080301;Cusco; Anta; Anta;23432
080302;Cusco; Anta; Ancahuasi;7598
080303;Cusco; Anta; Cachimayo;2589
080304;Cusco; Anta; Chinchaypujio;4428
080305;Cusco; Anta; Huarocondo;4865
080306;Cusco; Anta; Limatambo;8051
080307;Cusco; Anta; Mollepata;3377
080308;Cusco; Anta; Pucyura;3251
080309;Cusco; Anta; Zurite;3762
080401;Cusco; Calca; Calca;22561
080402;Cusco; Calca; Coya;3665
080403;Cusco; Calca; Lamay;5846
080404;Cusco; Calca; Lares;6571
080405;Cusco; Calca; Pisac;11144
080406;Cusco; Calca; San Salvador;5976
080407;Cusco; Calca; Taray;4758
080408;Cusco; Calca; Yanatile;9781
080501;Cusco; Canas; Yanaoca;9367
080502;Cusco; Canas; Checca;5590
080503;Cusco; Canas; Kunturkanki;5248
080504;Cusco; Canas; Langui;2205
080505;Cusco; Canas; Layo;5685
080506;Cusco; Canas; Pampamarca;1924
080507;Cusco; Canas; Quehue;2778
080508;Cusco; Canas; Tupac Amaru;2689
080601;Cusco; Canchis; Sicuani;62747
080602;Cusco; Canchis; Checacupe;5153
080603;Cusco; Canchis; Combapata;5060
080604;Cusco; Canchis; Marangani;10554
080605;Cusco; Canchis; Pitumarca;8091
080606;Cusco; Canchis; San Pablo;4582
080607;Cusco; Canchis; San Pedro;2846
080608;Cusco; Canchis; Tinta;5494
080701;Cusco; Chumbivilcas; Santo Tomas;23205
080702;Cusco; Chumbivilcas; Capacmarca;4221
080703;Cusco; Chumbivilcas; Chamaca;6750
080704;Cusco; Chumbivilcas; Colquemarca;7423
080705;Cusco; Chumbivilcas; Livitaca;12557
080706;Cusco; Chumbivilcas; Llusco;4698
080707;Cusco; Chumbivilcas; Quiñota;4079
080708;Cusco; Chumbivilcas; Velille;8332
080801;Cusco; Espinar; Espinar;37187
080802;Cusco; Espinar; Condoroma;937
080803;Cusco; Espinar; Coporaque;10929
080804;Cusco; Espinar; Ocoruro;1104
080805;Cusco; Espinar; Pallpata;5163
080806;Cusco; Espinar; Pichigua;3016
080807;Cusco; Espinar; Suyckutambo;1766
080808;Cusco; Espinar; Alto Pichigua;2094
080901;Cusco; La Convención; Santa Ana;30862
080902;Cusco; La Convención; Echarate;27153
080903;Cusco; La Convención; Huayopata;5582
080904;Cusco; La Convención; Maranura;4763
080905;Cusco; La Convención; Ocobamba;4932
080906;Cusco; La Convención; Quellouno;15224
080907;Cusco; La Convención; Kimbiri;18722
080908;Cusco; La Convención; Santa Teresa;7003
080909;Cusco; La Convención; Vilcabamba;10944
080910;Cusco; La Convención; Pichari;25366
080911;Cusco; La Convención; Inkawasi;4892
080912;Cusco; La Convención; Villa Virgen;2321
080913;Cusco; La Convención; Villa Kintiarina;2315
080914;Cusco; La Convención; Megantoni;7622
081001;Cusco; Paruro; Paruro;3486
081002;Cusco; Paruro; Accha;3267
081003;Cusco; Paruro; Ccapi;3265
081004;Cusco; Paruro; Colcha;1018
081005;Cusco; Paruro; Huanoquite;5180
081006;Cusco; Paruro; Omacha;5972
081007;Cusco; Paruro; Paccaritambo;2162
081008;Cusco; Paruro; Pillpinto;1089
081009;Cusco; Paruro; Yaurisque;2057
081101;Cusco; Paucartambo; Paucartambo;13151
081102;Cusco; Paucartambo; Caicay;2935
081103;Cusco; Paucartambo; Challabamba;9546
081104;Cusco; Paucartambo; Colquepata;9069
081105;Cusco; Paucartambo; Huancarani;7667
081106;Cusco; Paucartambo; Kosñipata;4872
081201;Cusco; Quispicanchi; Urcos;11728
081202;Cusco; Quispicanchi; Andahuaylillas;6485
081203;Cusco; Quispicanchi; Camanti;2481
081204;Cusco; Quispicanchi; Ccarhuayo;3105
081205;Cusco; Quispicanchi; Ccatca;14977
081206;Cusco; Quispicanchi; Cusipata;4695
081207;Cusco; Quispicanchi; Huaro;4848
081208;Cusco; Quispicanchi; Lucre;4917
081209;Cusco; Quispicanchi; Marcapata;4868
081210;Cusco; Quispicanchi; Ocongate;17466
081211;Cusco; Quispicanchi; Oropesa;10281
081212;Cusco; Quispicanchi; Quiquijana;11556
081301;Cusco; Urubamba; Urubamba;22406
081302;Cusco; Urubamba; Chinchero;11652
081303;Cusco; Urubamba; Huayllabamba;6012
081304;Cusco; Urubamba; Machupicchu;5614
081305;Cusco; Urubamba; Maras;6668
081306;Cusco; Urubamba; Ollantaytambo;11381
081307;Cusco; Urubamba; Yucay;3342
090101;Huancavelica; Huancavelica; Huancavelica;40745
090102;Huancavelica; Huancavelica; Acobambilla;2148
090103;Huancavelica; Huancavelica; Acoria;18918
090104;Huancavelica; Huancavelica; Conayca;898
090105;Huancavelica; Huancavelica; Cuenca;1190
090106;Huancavelica; Huancavelica; Huachocolpa;1955
090107;Huancavelica; Huancavelica; Huayllahuara;690
090108;Huancavelica; Huancavelica; Izcuchaca;897
090109;Huancavelica; Huancavelica; Laria;773
090110;Huancavelica; Huancavelica; Manta;1002
090111;Huancavelica; Huancavelica; Mariscal Cáceres;526
090112;Huancavelica; Huancavelica; Moya;1031
090113;Huancavelica; Huancavelica; Nuevo Occoro;1805
090114;Huancavelica; Huancavelica; Palca;2094
090115;Huancavelica; Huancavelica; Pilchaca;524
090116;Huancavelica; Huancavelica; Vilca;1998
090117;Huancavelica; Huancavelica; Yauli;20847
090118;Huancavelica; Huancavelica; Ascensión;16085
090119;Huancavelica; Huancavelica; Huando;6573
090201;Huancavelica; Acobamba; Acobamba;9398
090202;Huancavelica; Acobamba; Andabamba;3352
090203;Huancavelica; Acobamba; Anta;4936
090204;Huancavelica; Acobamba; Caja;1942
090205;Huancavelica; Acobamba; Marcas;1612
090206;Huancavelica; Acobamba; Paucara;10903
090207;Huancavelica; Acobamba; Pomacocha;3024
090208;Huancavelica; Acobamba; Rosario;5157
090301;Huancavelica; Angaraes; Lircay;24722
090302;Huancavelica; Angaraes; Anchonga;7456
090303;Huancavelica; Angaraes; Callanmarca;642
090304;Huancavelica; Angaraes; Ccochaccasa;3124
090305;Huancavelica; Angaraes; Chincho;994
090306;Huancavelica; Angaraes; Congalla;3765
090307;Huancavelica; Angaraes; Huanca-Huanca;1401
090308;Huancavelica; Angaraes; Huayllay Grande;1150
090309;Huancavelica; Angaraes; Julcamarca;1800
090310;Huancavelica; Angaraes; San Antonio de Antaparco;2454
090311;Huancavelica; Angaraes; Santo Tomas de Pata;1516
090312;Huancavelica; Angaraes; Secclla;3203
090401;Huancavelica; Castrovirreyna; Castrovirreyna;3126
090402;Huancavelica; Castrovirreyna; Arma;1029
090403;Huancavelica; Castrovirreyna; Aurahua;1560
090404;Huancavelica; Castrovirreyna; Capillas;966
090405;Huancavelica; Castrovirreyna; Chupamarca;940
090406;Huancavelica; Castrovirreyna; Cocas;751
090407;Huancavelica; Castrovirreyna; Huachos;984
090408;Huancavelica; Castrovirreyna; Huamatambo;409
090409;Huancavelica; Castrovirreyna; Mollepampa;1226
090410;Huancavelica; Castrovirreyna; San Juan;712
090411;Huancavelica; Castrovirreyna; Santa Ana;944
090412;Huancavelica; Castrovirreyna; Tantara;684
090413;Huancavelica; Castrovirreyna; Ticrapo;1560
090501;Huancavelica; Churcampa; Churcampa;5403
090502;Huancavelica; Churcampa; Anco;5775
090503;Huancavelica; Churcampa; Chinchihuasi;2078
090504;Huancavelica; Churcampa; El Carmen;2548
090505;Huancavelica; Churcampa; La Merced;1131
090506;Huancavelica; Churcampa; Locroja;3519
090507;Huancavelica; Churcampa; Paucarbamba;4678
090508;Huancavelica; Churcampa; San Miguel de Mayocc;788
090509;Huancavelica; Churcampa; San Pedro de Coris;3573
090510;Huancavelica; Churcampa; Pachamarca;1972
090511;Huancavelica; Churcampa; Cosme;3084
090601;Huancavelica; Huaytará; Huaytará;2288
090602;Huancavelica; Huaytará; Ayavi;805
090603;Huancavelica; Huaytará; Cordova;1062
090604;Huancavelica; Huaytará; Huayacundo Arma;468
090605;Huancavelica; Huaytará; Laramarca;883
090606;Huancavelica; Huaytará; Ocoyo;865
090607;Huancavelica; Huaytará; Pilpichaca;2975
090608;Huancavelica; Huaytará; Querco;1094
090609;Huancavelica; Huaytará; Quito-Arma;728
090610;Huancavelica; Huaytará; San Antonio de Cusicancha;1438
090611;Huancavelica; Huaytará; San Francisco de Sangayaico;955
090612;Huancavelica; Huaytará; San Isidro;1108
090613;Huancavelica; Huaytará; Santiago de Chocorvos;1818
090614;Huancavelica; Huaytará; Santiago de Quirahuara;396
090615;Huancavelica; Huaytará; Santo Domingo de Capillas;788
090616;Huancavelica; Huaytará; Tambo;719
090701;Huancavelica; Tayacaja; Pampas;10421
090702;Huancavelica; Tayacaja; Acostambo;3462
090703;Huancavelica; Tayacaja; Acraquia;3717
090704;Huancavelica; Tayacaja; Ahuaycha;4070
090705;Huancavelica; Tayacaja; Colcabamba;11859
090706;Huancavelica; Tayacaja; Daniel Hernández;9611
090707;Huancavelica; Tayacaja; Huachocolpa;3387
090709;Huancavelica; Tayacaja; Huaribamba;3168
090710;Huancavelica; Tayacaja; Ñahuimpuquio;1549
090711;Huancavelica; Tayacaja; Pazos;5427
090713;Huancavelica; Tayacaja; Quishuar;762
090714;Huancavelica; Tayacaja; Salcabamba;4073
090715;Huancavelica; Tayacaja; Salcahuasi;2835
090716;Huancavelica; Tayacaja; San Marcos de Rocchac;1947
090717;Huancavelica; Tayacaja; Surcubamba;4927
090718;Huancavelica; Tayacaja; Tintay Puncu;3211
090719;Huancavelica; Tayacaja; Quichuas;4166
090720;Huancavelica; Tayacaja; Andaymarca;2529
090721;Huancavelica; Tayacaja; Roble;1377
090722;Huancavelica; Tayacaja; Pichos;2062
090723;Huancavelica; Tayacaja; Santiago de Tucuma;1612
100101;Huánuco; Huánuco; Huánuco;92846
100102;Huánuco; Huánuco; Amarilis;85305
100103;Huánuco; Huánuco; Chinchao;13411
100104;Huánuco; Huánuco; Churubamba;17279
100105;Huánuco; Huánuco; Margos;4672
100106;Huánuco; Huánuco; Quisqui (Kichki);3722
100107;Huánuco; Huánuco; San Francisco de Cayran;4939
100108;Huánuco; Huánuco; San Pedro de Chaulan;2839
100109;Huánuco; Huánuco; Santa Maria del Valle;21329
100110;Huánuco; Huánuco; Yarumayo;1601
100111;Huánuco; Huánuco; Pillco Marca;44776
100112;Huánuco; Huánuco; Yacus;5375
100113;Huánuco; Huánuco; San Pablo de Pillao;8525
100201;Huánuco; Ambo; Ambo;21890
100202;Huánuco; Ambo; Cayna;2647
100203;Huánuco; Ambo; Colpas;1825
100204;Huánuco; Ambo; Conchamarca;4734
100205;Huánuco; Ambo; Huacar;8145
100206;Huánuco; Ambo; San Francisco;1635
100207;Huánuco; Ambo; San Rafael;9398
100208;Huánuco; Ambo; Tomay Kichwa;3597
100301;Huánuco; Dos de Mayo; La Unión;6988
100307;Huánuco; Dos de Mayo; Chuquis;3499
100311;Huánuco; Dos de Mayo; Marías;5991
100313;Huánuco; Dos de Mayo; Pachas;5804
100316;Huánuco; Dos de Mayo; Quivilla;1263
100317;Huánuco; Dos de Mayo; Ripan;5581
100321;Huánuco; Dos de Mayo; Shunqui;1752
100322;Huánuco; Dos de Mayo; Sillapata;1884
100323;Huánuco; Dos de Mayo; Yanas;2387
100401;Huánuco; Huacaybamba; Huacaybamba;6019
100402;Huánuco; Huacaybamba; Canchabamba;2803
100403;Huánuco; Huacaybamba; Cochabamba;1666
100404;Huánuco; Huacaybamba; Pinra;6700
100501;Huánuco; Huamalíes; Llata;14051
100502;Huánuco; Huamalíes; Arancay;1407
100503;Huánuco; Huamalíes; Chavín de Pariarca;3977
100504;Huánuco; Huamalíes; Jacas Grande;6044
100505;Huánuco; Huamalíes; Jircan;1493
100506;Huánuco; Huamalíes; Miraflores;3211
100507;Huánuco; Huamalíes; Monzón;13312
100508;Huánuco; Huamalíes; Punchao;2057
100509;Huánuco; Huamalíes; Puños;4289
100510;Huánuco; Huamalíes; Singa;3240
100511;Huánuco; Huamalíes; Tantamayo;1887
100601;Huánuco; Leoncio Prado; Rupa-Rupa;55338
100602;Huánuco; Leoncio Prado; Daniel Alomía Robles;6843
100603;Huánuco; Leoncio Prado; Hermílio Valdizan;3725
100604;Huánuco; Leoncio Prado; José Crespo y Castillo;23206
100605;Huánuco; Leoncio Prado; Luyando;9330
100606;Huánuco; Leoncio Prado; Mariano Damaso Beraun;10819
100607;Huánuco; Leoncio Prado; Pucayacu;3921
100608;Huánuco; Leoncio Prado; Castillo Grande;13594
100609;Huánuco; Leoncio Prado; Pueblo Nuevo;4474
100610;Huánuco; Leoncio Prado; Santo Domingo de Anda;2752
100701;Huánuco; Marañón; Huacrachuco;15275
100702;Huánuco; Marañón; Cholon;5858
100703;Huánuco; Marañón; San Buenaventura;2205
100704;Huánuco; Marañón; La Morada;2972
100705;Huánuco; Marañón; Santa Rosa de Alto Yanajanca;2382
100801;Huánuco; Pachitea; Panao;18563
100802;Huánuco; Pachitea; Chaglla;10913
100803;Huánuco; Pachitea; Molino;11227
100804;Huánuco; Pachitea; Umari;11938
100901;Huánuco; Puerto Inca; Puerto Inca;10250
100902;Huánuco; Puerto Inca; Codo del Pozuzo;7768
100903;Huánuco; Puerto Inca; Honoria;4969
100904;Huánuco; Puerto Inca; Tournavista;6219
100905;Huánuco; Puerto Inca; Yuyapichis;6627
101001;Huánuco; Lauricocha; Jesús;4362
101002;Huánuco; Lauricocha; Baños;2086
101003;Huánuco; Lauricocha; Jivia;1062
101004;Huánuco; Lauricocha; Queropalca;1055
101005;Huánuco; Lauricocha; Rondos;3798
101006;Huánuco; Lauricocha; San Francisco de Asís;1356
101007;Huánuco; Lauricocha; San Miguel de Cauri;6237
101101;Huánuco; Yarowilca; Chavinillo;5015
101102;Huánuco; Yarowilca; Cahuac;1224
101103;Huánuco; Yarowilca; Chacabamba;1164
101104;Huánuco; Yarowilca; Aparicio Pomares;5020
101105;Huánuco; Yarowilca; Jacas Chico;1160
101106;Huánuco; Yarowilca; Obas;4122
101107;Huánuco; Yarowilca; Pampamarca;1192
101108;Huánuco; Yarowilca; Choras;2146
110101;Ica; Ica; Ica;155247
110102;Ica; Ica; La Tinguiña;41583
110103;Ica; Ica; Los Aquijes;22882
110104;Ica; Ica; Ocucaje;4683
110105;Ica; Ica; Pachacutec;7583
110106;Ica; Ica; Parcona;56767
110107;Ica; Ica; Pueblo Nuevo;6640
110108;Ica; Ica; Salas;26734
110109;Ica; Ica; San José de Los Molinos;7385
110110;Ica; Ica; San Juan Bautista;14514
110111;Ica; Ica; Santiago;28637
110112;Ica; Ica; Subtanjalla;28595
110113;Ica; Ica; Tate;4834
110114;Ica; Ica; Yauca del Rosario;1202
110201;Ica; Chincha; Chincha Alta;71579
110202;Ica; Chincha; Alto Laran;8085
110203;Ica; Chincha; Chavin;2110
110204;Ica; Chincha; Chincha Baja;13787
110205;Ica; Chincha; El Carmen;13173
110206;Ica; Chincha; Grocio Prado;26507
110207;Ica; Chincha; Pueblo Nuevo;67054
110208;Ica; Chincha; San Juan de Yanac;1259
110209;Ica; Chincha; San Pedro de Huacarpana;1032
110210;Ica; Chincha; Sunampe;30286
110211;Ica; Chincha; Tambo de Mora;6012
110301;Ica; Nasca; Nasca;28412
110302;Ica; Nasca; Changuillo;2081
110303;Ica; Nasca; El Ingenio;3366
110304;Ica; Nasca; Marcona;16466
110305;Ica; Nasca; Vista Alegre;21605
110401;Ica; Palpa; Palpa;8212
110402;Ica; Palpa; Llipata;1650
110403;Ica; Palpa; Río Grande;2836
110404;Ica; Palpa; Santa Cruz;1019
110405;Ica; Palpa; Tibillo;364
110501;Ica; Pisco; Pisco;71519
110502;Ica; Pisco; Huancano;1479
110503;Ica; Pisco; Humay;5639
110504;Ica; Pisco; Independencia;13776
110505;Ica; Pisco; Paracas;7516
110506;Ica; Pisco; San Andrés;15039
110507;Ica; Pisco; San Clemente;26043
110508;Ica; Pisco; Tupac Amaru Inca;18100
120101;Junín; Huancayo; Huancayo;121495
120104;Junín; Huancayo; Carhuacallanga;527
120105;Junín; Huancayo; Chacapampa;990
120106;Junín; Huancayo; Chicche;779
120107;Junín; Huancayo; Chilca;94848
120108;Junín; Huancayo; Chongos Alto;1549
120111;Junín; Huancayo; Chupuro;2074
120112;Junín; Huancayo; Colca;1071
120113;Junín; Huancayo; Cullhuas;1416
120114;Junín; Huancayo; El Tambo;169039
120116;Junín; Huancayo; Huacrapuquio;1413
120117;Junín; Huancayo; Hualhuas;5483
120119;Junín; Huancayo; Huancan;25972
120120;Junín; Huancayo; Huasicancha;867
120121;Junín; Huancayo; Huayucachi;10246
120122;Junín; Huancayo; Ingenio;2485
120124;Junín; Huancayo; Pariahuanca;5527
120125;Junín; Huancayo; Pilcomayo;21237
120126;Junín; Huancayo; Pucara;5006
120127;Junín; Huancayo; Quichuay;1926
120128;Junín; Huancayo; Quilcas;4015
120129;Junín; Huancayo; San Agustín;16483
120130;Junín; Huancayo; San Jerónimo de Tunan;12228
120132;Junín; Huancayo; Saño;5738
120133;Junín; Huancayo; Sapallanga;22116
120134;Junín; Huancayo; Sicaya;17779
120135;Junín; Huancayo; Santo Domingo de Acobamba;6696
120136;Junín; Huancayo; Viques;2741
120201;Junín; Concepción; Concepción;16169
120202;Junín; Concepción; Aco;1694
120203;Junín; Concepción; Andamarca;3715
120204;Junín; Concepción; Chambara;2726
120205;Junín; Concepción; Cochas;2011
120206;Junín; Concepción; Comas;5778
120207;Junín; Concepción; Heroínas Toledo;1028
120208;Junín; Concepción; Manzanares;1528
120209;Junín; Concepción; Mariscal Castilla;1467
120210;Junín; Concepción; Matahuasi;6039
120211;Junín; Concepción; Mito;1455
120212;Junín; Concepción; Nueve de Julio;2360
120213;Junín; Concepción; Orcotuna;4945
120214;Junín; Concepción; San José de Quero;5827
120215;Junín; Concepción; Santa Rosa de Ocopa;2091
120301;Junín; Chanchamayo; Chanchamayo;28353
120302;Junín; Chanchamayo; Perene;58923
120303;Junín; Chanchamayo; Pichanaqui;44046
120304;Junín; Chanchamayo; San Luis de Shuaro;4397
120305;Junín; Chanchamayo; San Ramón;28508
120306;Junín; Chanchamayo; Vitoc;1853
120401;Junín; Jauja; Jauja;19120
120402;Junín; Jauja; Acolla;6485
120403;Junín; Jauja; Apata;4638
120404;Junín; Jauja; Ataura;1352
120405;Junín; Jauja; Canchayllo;1700
120406;Junín; Jauja; Curicaca;1504
120407;Junín; Jauja; El Mantaro;2704
120408;Junín; Jauja; Huamali;1711
120409;Junín; Jauja; Huaripampa;1076
120410;Junín; Jauja; Huertas;2139
120411;Junín; Jauja; Janjaillo;594
120412;Junín; Jauja; Julcán;773
120413;Junín; Jauja; Leonor Ordoñez;1615
120414;Junín; Jauja; Llocllapampa;1205
120415;Junín; Jauja; Marco;1547
120416;Junín; Jauja; Masma;1851
120417;Junín; Jauja; Masma Chicche;770
120418;Junín; Jauja; Molinos;1645
120419;Junín; Jauja; Monobamba;1774
120420;Junín; Jauja; Muqui;1052
120421;Junín; Jauja; Muquiyauyo;2374
120422;Junín; Jauja; Paca;938
120423;Junín; Jauja; Paccha;1523
120424;Junín; Jauja; Pancan;1285
120425;Junín; Jauja; Parco;1212
120426;Junín; Jauja; Pomacancha;1506
120427;Junín; Jauja; Ricran;1346
120428;Junín; Jauja; San Lorenzo;2675
120429;Junín; Jauja; San Pedro de Chunan;724
120430;Junín; Jauja; Sausa;3224
120431;Junín; Jauja; Sincos;4248
120432;Junín; Jauja; Tunan Marca;1066
120433;Junín; Jauja; Yauli;1150
120434;Junín; Jauja; Yauyos;9862
120501;Junín; Junín; Junín;11394
120502;Junín; Junín; Carhuamayo;6864
120503;Junín; Junín; Ondores;1276
120504;Junín; Junín; Ulcumayo;4425
120601;Junín; Satipo; Satipo;41050
120602;Junín; Satipo; Coviriali;6248
120603;Junín; Satipo; Llaylla;6936
120604;Junín; Satipo; Mazamari;40211
120605;Junín; Satipo; Pampa Hermosa;4090
120606;Junín; Satipo; Pangoa;60883
120607;Junín; Satipo; Río Negro;32304
120608;Junín; Satipo; Río Tambo;29131
120609;Junín; Satipo; Vizcatan del Ene;4765
120701;Junín; Tarma; Tarma;50471
120702;Junín; Tarma; Acobamba;10065
120703;Junín; Tarma; Huaricolca;2001
120704;Junín; Tarma; Huasahuasi;10691
120705;Junín; Tarma; La Unión;3673
120706;Junín; Tarma; Palca;5975
120707;Junín; Tarma; Palcamayo;3659
120708;Junín; Tarma; San Pedro de Cajas;3704
120709;Junín; Tarma; Tapo;4714
120801;Junín; Yauli; La Oroya;14511
120802;Junín; Yauli; Chacapalpa;707
120803;Junín; Yauli; Huay-Huay;2040
120804;Junín; Yauli; Marcapomacocha;858
120805;Junín; Yauli; Morococha;5222
120806;Junín; Yauli; Paccha;1680
120807;Junín; Yauli; Santa Bárbara de Carhuacayan;1134
120808;Junín; Yauli; Santa Rosa de Sacco;9060
120809;Junín; Yauli; Suitucancha;742
120810;Junín; Yauli; Yauli;5500
120901;Junín; Chupaca; Chupaca;21389
120902;Junín; Chupaca; Ahuac;6694
120903;Junín; Chupaca; Chongos Bajo;4688
120904;Junín; Chupaca; Huachac;3161
120905;Junín; Chupaca; Huamancaca Chico;9247
120906;Junín; Chupaca; San Juan de Iscos;2314
120907;Junín; Chupaca; San Juan de Jarpa;2788
120908;Junín; Chupaca; Tres de Diciembre;2813
120909;Junín; Chupaca; Yanacancha;2769
130101;La Libertad; Trujillo; Trujillo;328664
130102;La Libertad; Trujillo; El Porvenir;203936
130103;La Libertad; Trujillo; Florencia de Mora;38025
130104;La Libertad; Trujillo; Huanchaco;74773
130105;La Libertad; Trujillo; La Esperanza;203776
130106;La Libertad; Trujillo; Laredo;40036
130107;La Libertad; Trujillo; Moche;39066
130108;La Libertad; Trujillo; Poroto;3793
130109;La Libertad; Trujillo; Salaverry;20197
130110;La Libertad; Trujillo; Simbal;4350
130111;La Libertad; Trujillo; Victor Larco Herrera;71865
130201;La Libertad; Ascope; Ascope;6763
130202;La Libertad; Ascope; Chicama;15565
130203;La Libertad; Ascope; Chocope;9697
130204;La Libertad; Ascope; Magdalena de Cao;2662
130205;La Libertad; Ascope; Paijan;27130
130206;La Libertad; Ascope; Razuri;9011
130207;La Libertad; Ascope; Santiago de Cao;19561
130208;La Libertad; Ascope; Casa Grande;29283
130301;La Libertad; Bolívar; Bolívar;4879
130302;La Libertad; Bolívar; Bambamarca;3175
130303;La Libertad; Bolívar; Condormarca;2119
130304;La Libertad; Bolívar; Longotea;2298
130305;La Libertad; Bolívar; Uchumarca;2445
130306;La Libertad; Bolívar; Ucuncha;895
130401;La Libertad; Chepén; Chepén;47371
130402;La Libertad; Chepén; Pacanga;22748
130403;La Libertad; Chepén; Pueblo Nuevo;12452
130501;La Libertad; Julcán; Julcán;12578
130502;La Libertad; Julcán; Calamarca;5232
130503;La Libertad; Julcán; Carabamba;6828
130504;La Libertad; Julcán; Huaso;6160
130601;La Libertad; Otuzco; Otuzco;26039
130602;La Libertad; Otuzco; Agallpampa;10093
130604;La Libertad; Otuzco; Charat;2626
130605;La Libertad; Otuzco; Huaranchal;4225
130606;La Libertad; Otuzco; La Cuesta;659
130608;La Libertad; Otuzco; Mache;2881
130610;La Libertad; Otuzco; Paranday;555
130611;La Libertad; Otuzco; Salpo;6403
130613;La Libertad; Otuzco; Sinsicap;7550
130614;La Libertad; Otuzco; Usquil;23221
130701;La Libertad; Pacasmayo; San Pedro de Lloc;18306
130702;La Libertad; Pacasmayo; Guadalupe;41811
130703;La Libertad; Pacasmayo; Jequetepeque;4258
130704;La Libertad; Pacasmayo; Pacasmayo;30239
130705;La Libertad; Pacasmayo; San José;12205
130801;La Libertad; Pataz; Tayabamba;13641
130802;La Libertad; Pataz; Buldibuyo;4079
130803;La Libertad; Pataz; Chillia;12638
130804;La Libertad; Pataz; Huancaspata;6392
130805;La Libertad; Pataz; Huaylillas;1228
130806;La Libertad; Pataz; Huayo;3779
130807;La Libertad; Pataz; Ongon;1401
130808;La Libertad; Pataz; Parcoy;19738
130809;La Libertad; Pataz; Pataz;9825
130810;La Libertad; Pataz; Pias;1790
130811;La Libertad; Pataz; Santiago de Challas;2351
130812;La Libertad; Pataz; Taurija;2980
130813;La Libertad; Pataz; Urpay;2194
130901;La Libertad; Sánchez Carrión; Huamachuco;72264
130902;La Libertad; Sánchez Carrión; Chugay;18577
130903;La Libertad; Sánchez Carrión; Cochorco;9607
130904;La Libertad; Sánchez Carrión; Curgos;8523
130905;La Libertad; Sánchez Carrión; Marcabal;11824
130906;La Libertad; Sánchez Carrión; Sanagoran;14228
130907;La Libertad; Sánchez Carrión; Sarin;9586
130908;La Libertad; Sánchez Carrión; Sartimbamba;13763
131001;La Libertad; Santiago de Chuco; Santiago de Chuco;19897
131002;La Libertad; Santiago de Chuco; Angasmarca;5097
131003;La Libertad; Santiago de Chuco; Cachicadan;5850
131004;La Libertad; Santiago de Chuco; Mollebamba;1834
131005;La Libertad; Santiago de Chuco; Mollepata;2458
131006;La Libertad; Santiago de Chuco; Quiruvilca;13517
131007;La Libertad; Santiago de Chuco; Santa Cruz de Chuca;3029
131008;La Libertad; Santiago de Chuco; Sitabamba;3625
131101;La Libertad; Gran Chimú; Cascas;14054
131102;La Libertad; Gran Chimú; Lucma;4947
131103;La Libertad; Gran Chimú; Marmot;2491
131104;La Libertad; Gran Chimú; Sayapullo;6670
131201;La Libertad; Virú; Virú;55059
131202;La Libertad; Virú; Chao;34425
131203;La Libertad; Virú; Guadalupito;7207
140101;Lambayeque; Chiclayo; Chiclayo;277925
140102;Lambayeque; Chiclayo; Chongoyape;18869
140103;Lambayeque; Chiclayo; Eten;12368
140104;Lambayeque; Chiclayo; Eten Puerto;2358
140105;Lambayeque; Chiclayo; José Leonardo Ortiz;161987
140106;Lambayeque; Chiclayo; La Victoria;92797
140107;Lambayeque; Chiclayo; Lagunas;10336
140108;Lambayeque; Chiclayo; Monsefu;33629
140109;Lambayeque; Chiclayo; Nueva Arica;2473
140110;Lambayeque; Chiclayo; Oyotun;8528
140111;Lambayeque; Chiclayo; Picsi;13040
140112;Lambayeque; Chiclayo; Pimentel;46764
140113;Lambayeque; Chiclayo; Reque;16305
140114;Lambayeque; Chiclayo; Santa Rosa;12990
140115;Lambayeque; Chiclayo; Saña;12197
140116;Lambayeque; Chiclayo; Cayalti;15354
140117;Lambayeque; Chiclayo; Patapo;23715
140118;Lambayeque; Chiclayo; Pomalca;25733
140119;Lambayeque; Chiclayo; Pucala;8927
140120;Lambayeque; Chiclayo; Tuman;28951
140201;Lambayeque; Ferreñafe; Ferreñafe;35993
140202;Lambayeque; Ferreñafe; Cañaris;12204
140203;Lambayeque; Ferreñafe; Incahuasi;14673
140204;Lambayeque; Ferreñafe; Manuel Antonio Mesones Muro;4088
140205;Lambayeque; Ferreñafe; Pitipo;21206
140206;Lambayeque; Ferreñafe; Pueblo Nuevo;14845
140301;Lambayeque; Lambayeque; Lambayeque;74893
140302;Lambayeque; Lambayeque; Chochope;1469
140303;Lambayeque; Lambayeque; Illimo;9244
140304;Lambayeque; Lambayeque; Jayanca;18580
140305;Lambayeque; Lambayeque; Mochumi;19072
140306;Lambayeque; Lambayeque; Morrope;51271
140307;Lambayeque; Lambayeque; Motupe;31095
140308;Lambayeque; Lambayeque; Olmos;50251
140309;Lambayeque; Lambayeque; Pacora;8228
140310;Lambayeque; Lambayeque; Salas;13240
140311;Lambayeque; Lambayeque; San José;16128
140312;Lambayeque; Lambayeque; Tucume;23095
150101;Lima; Lima; Lima;273142
150102;Lima; Lima; Ancón;67232
150103;Lima; Lima; Ate;624172
150104;Lima; Lima; Barranco;35379
150105;Lima; Lima; Breña;90414
150106;Lima; Lima; Carabayllo;350989
150107;Lima; Lima; Chaclacayo;43400
150108;Lima; Lima; Chorrillos;339701
150109;Lima; Lima; Cieneguilla;35884
150110;Lima; Lima; Comas;553537
150111;Lima; Lima; El Agustino;212165
150112;Lima; Lima; Independencia;219163
150113;Lima; Lima; Jesús María;77955
150114;Lima; Lima; La Molina;153614
150115;Lima; Lima; La Victoria;189083
150116;Lima; Lima; Lince;58460
150117;Lima; Lima; Los Olivos;343878
150118;Lima; Lima; Lurigancho;256294
150119;Lima; Lima; Lurin;97503
150120;Lima; Lima; Magdalena del Mar;61656
150121;Lima; Lima; Pueblo Libre;89199
150122;Lima; Lima; Miraflores;103090
150123;Lima; Lima; Pachacamac;121982
150124;Lima; Lima; Pucusana;15125
150125;Lima; Lima; Puente Piedra;354351
150126;Lima; Lima; Punta Hermosa;16797
150127;Lima; Lima; Punta Negra;7506
150128;Lima; Lima; Rímac;179011
150129;Lima; Lima; San Bartolo;8005
150130;Lima; Lima; San Borja;121793
150131;Lima; Lima; San Isidro;65333
150132;Lima; Lima; San Juan de Lurigancho;1114319
150133;Lima; Lima; San Juan de Miraflores;401098
150134;Lima; Lima; San Luis;55418
150135;Lima; Lima; San Martín de Porres;704999
150136;Lima; Lima; San Miguel;162589
150137;Lima; Lima; Santa Anita;213072
150138;Lima; Lima; Santa María del Mar;1049
150139;Lima; Lima; Santa Rosa;29271
150140;Lima; Lima; Santiago de Surco;378978
150141;Lima; Lima; Surquillo;97652
150142;Lima; Lima; Villa el Salvador;414000
150143;Lima; Lima; Villa María del Triunfo;424064
150201;Lima; Barranca; Barranca;73646
150202;Lima; Barranca; Paramonga;23599
150203;Lima; Barranca; Pativilca;18748
150204;Lima; Barranca; Supe;25692
150205;Lima; Barranca; Supe Puerto;13702
150301;Lima; Cajatambo; Cajatambo;2221
150302;Lima; Cajatambo; Copa;924
150303;Lima; Cajatambo; Gorgor;1826
150304;Lima; Cajatambo; Huancapon;1052
150305;Lima; Cajatambo; Manas;1046
150401;Lima; Canta; Canta;2517
150402;Lima; Canta; Arahuay;644
150403;Lima; Canta; Huamantanga;752
150404;Lima; Canta; Huaros;837
150405;Lima; Canta; Lachaqui;952
150406;Lima; Canta; San Buenaventura;608
150407;Lima; Canta; Santa Rosa de Quives;6298
150501;Lima; Cañete; San Vicente de Cañete;59602
150502;Lima; Cañete; Asia;10225
150503;Lima; Cañete; Calango;2501
150504;Lima; Cañete; Cerro Azul;8707
150505;Lima; Cañete; Chilca;22536
150506;Lima; Cañete; Coayllo;1095
150507;Lima; Cañete; Imperial;40257
150508;Lima; Cañete; Lunahuana;4414
150509;Lima; Cañete; Mala;34213
150510;Lima; Cañete; Nuevo Imperial;27440
150511;Lima; Cañete; Pacaran;1779
150512;Lima; Cañete; Quilmana;16543
150513;Lima; Cañete; San Antonio;4643
150514;Lima; Cañete; San Luis;13631
150515;Lima; Cañete; Santa Cruz de Flores;3210
150516;Lima; Cañete; Zúñiga;1457
150601;Lima; Huaral; Huaral;107026
150602;Lima; Huaral; Atavillos Alto;751
150603;Lima; Huaral; Atavillos Bajo;976
150604;Lima; Huaral; Aucallama;21044
150605;Lima; Huaral; Chancay;61618
150606;Lima; Huaral; Ihuari;2253
150607;Lima; Huaral; Lampian;366
150608;Lima; Huaral; Pacaraos;1136
150609;Lima; Huaral; San Miguel de Acos;692
150610;Lima; Huaral; Santa Cruz de Andamarca;868
150611;Lima; Huaral; Sumbilca;793
150612;Lima; Huaral; Veintisiete de Noviembre;440
150701;Lima; Huarochirí; Matucana;4397
150702;Lima; Huarochirí; Antioquia;1348
150703;Lima; Huarochirí; Callahuanca;871
150704;Lima; Huarochirí; Carampoma;366
150705;Lima; Huarochirí; Chicla;4045
150706;Lima; Huarochirí; Cuenca;480
150707;Lima; Huarochirí; Huachupampa;649
150708;Lima; Huarochirí; Huanza;926
150709;Lima; Huarochirí; Huarochirí;1412
150710;Lima; Huarochirí; Lahuaytambo;681
150711;Lima; Huarochirí; Langa;949
150712;Lima; Huarochirí; San Pedro de Laraos;705
150713;Lima; Huarochirí; Mariatana;1511
150714;Lima; Huarochirí; Ricardo Palma;6901
150715;Lima; Huarochirí; San Andrés de Tupicocha;1434
150716;Lima; Huarochirí; San Antonio;1021
150717;Lima; Huarochirí; San Bartolomé;1280
150718;Lima; Huarochirí; San Damian;1281
150719;Lima; Huarochirí; San Juan de Iris;745
150720;Lima; Huarochirí; San Juan de Tantaranche;397
150721;Lima; Huarochirí; San Lorenzo de Quinti;1306
150722;Lima; Huarochirí; San Mateo;4457
150723;Lima; Huarochirí; San Mateo de Otao;1531
150724;Lima; Huarochirí; San Pedro de Casta;1015
150725;Lima; Huarochirí; San Pedro de Huancayre;226
150726;Lima; Huarochirí; Sangallaya;688
150727;Lima; Huarochirí; Santa Cruz de Cocachacra;2745
150728;Lima; Huarochirí; Santa Eulalia;13663
150729;Lima; Huarochirí; Santiago de Anchucaya;344
150730;Lima; Huarochirí; Santiago de Tuna;453
150731;Lima; Huarochirí; Santo Domingo de los Olleros;3469
150732;Lima; Huarochirí; Surco;1558
150801;Lima; Huaura; Huacho;69421
150802;Lima; Huaura; Ambar;2324
150803;Lima; Huaura; Caleta de Carquin;8318
150804;Lima; Huaura; Checras;1011
150805;Lima; Huaura; Hualmay;29672
150806;Lima; Huaura; Huaura;37162
150807;Lima; Huaura; Leoncio Prado;2058
150808;Lima; Huaura; Paccho;1693
150809;Lima; Huaura; Santa Leonor;822
150810;Lima; Huaura; Santa María;38679
150811;Lima; Huaura; Sayan;25209
150812;Lima; Huaura; Vegueta;27228
150901;Lima; Oyón; Oyón;12764
150902;Lima; Oyón; Andajes;601
150903;Lima; Oyón; Caujul;622
150904;Lima; Oyón; Cochamarca;1171
150905;Lima; Oyón; Navan;919
150906;Lima; Oyón; Pachangara;2679
151001;Lima; Yauyos; Yauyos;1582
151002;Lima; Yauyos; Alis;1563
151003;Lima; Yauyos; Allauca;1257
151004;Lima; Yauyos; Ayaviri;595
151005;Lima; Yauyos; Azangaro;472
151006;Lima; Yauyos; Cacra;560
151007;Lima; Yauyos; Carania;183
151008;Lima; Yauyos; Catahuasi;1144
151009;Lima; Yauyos; Chocos;877
151010;Lima; Yauyos; Cochas;242
151011;Lima; Yauyos; Colonia;1226
151012;Lima; Yauyos; Hongos;362
151013;Lima; Yauyos; Huampara;166
151014;Lima; Yauyos; Huancaya;630
151015;Lima; Yauyos; Huangascar;694
151016;Lima; Yauyos; Huantan;986
151017;Lima; Yauyos; Huañec;474
151018;Lima; Yauyos; Laraos;626
151019;Lima; Yauyos; Lincha;502
151020;Lima; Yauyos; Madean;623
151021;Lima; Yauyos; Miraflores;263
151022;Lima; Yauyos; Omas;664
151023;Lima; Yauyos; Putinza;535
151024;Lima; Yauyos; Quinches;682
151025;Lima; Yauyos; Quinocay;476
151026;Lima; Yauyos; San Joaquín;185
151027;Lima; Yauyos; San Pedro de Pilas;311
151028;Lima; Yauyos; Tanta;534
151029;Lima; Yauyos; Tauripampa;538
151030;Lima; Yauyos; Tomas;599
151031;Lima; Yauyos; Tupe;554
151032;Lima; Yauyos; Viñac;1763
151033;Lima; Yauyos; Vitis;332
160101;Loreto; Maynas; Iquitos;160497
160102;Loreto; Maynas; Alto Nanay;3082
160103;Loreto; Maynas; Fernando Lores;14957
160104;Loreto; Maynas; Indiana;11648
160105;Loreto; Maynas; Las Amazonas;8760
160106;Loreto; Maynas; Mazan;13692
160107;Loreto; Maynas; Napo;16766
160108;Loreto; Maynas; Punchana;85047
160110;Loreto; Maynas; Torres Causana;4947
160112;Loreto; Maynas; Belén;69608
160113;Loreto; Maynas; San Juan Bautista;138862
160201;Loreto; Alto Amazonas; Yurimaguas;92882
160202;Loreto; Alto Amazonas; Balsapuerto;16084
160205;Loreto; Alto Amazonas; Jeberos;4495
160206;Loreto; Alto Amazonas; Lagunas;13420
160210;Loreto; Alto Amazonas; Santa Cruz;4174
160211;Loreto; Alto Amazonas; Teniente Cesar López Rojas;6060
160301;Loreto; Loreto; Nauta;32020
160302;Loreto; Loreto; Parinari;6383
160303;Loreto; Loreto; Tigre;7404
160304;Loreto; Loreto; Trompeteros;9821
160305;Loreto; Loreto; Urarinas;13053
160401;Loreto; Mariscal Ramón Castilla; Ramón Castilla;22356
160402;Loreto; Mariscal Ramón Castilla; Pebas;12694
160403;Loreto; Mariscal Ramón Castilla; Yavari;9928
160404;Loreto; Mariscal Ramón Castilla; San Pablo;12388
160501;Loreto; Requena; Requena;27232
160502;Loreto; Requena; Alto Tapiche;1667
160503;Loreto; Requena; Capelo;2639
160504;Loreto; Requena; Emilio San Martín;6769
160505;Loreto; Requena; Maquia;8384
160506;Loreto; Requena; Puinahua;4682
160507;Loreto; Requena; Saquena;3438
160508;Loreto; Requena; Soplin;666
160509;Loreto; Requena; Tapiche;955
160510;Loreto; Requena; Jenaro Herrera;5024
160511;Loreto; Requena; Yaquerana;2258
160601;Loreto; Ucayali; Contamana;26825
160602;Loreto; Ucayali; Inahuaya;1788
160603;Loreto; Ucayali; Padre Márquez;3804
160604;Loreto; Ucayali; Pampa Hermosa;6326
160605;Loreto; Ucayali; Sarayacu;15049
160606;Loreto; Ucayali; Vargas Guerra;7572
160701;Loreto; Datem del Marañón; Barranca;14832
160702;Loreto; Datem del Marañón; Cahuapanas;7612
160703;Loreto; Datem del Marañón; Manseriche;9253
160704;Loreto; Datem del Marañón; Morona;4835
160705;Loreto; Datem del Marañón; Pastaza;6097
160706;Loreto; Datem del Marañón; Andoas;14069
160801;Loreto; Putumayo; Putumayo;4220
160802;Loreto; Putumayo; Rosa Panduro;603
160803;Loreto; Putumayo; Teniente Manuel Clavero;2818
160804;Loreto; Putumayo; Yaguas;1452
170101;Madre de Dios; Tambopata; Tambopata;92705
170102;Madre de Dios; Tambopata; Inambari;13640
170103;Madre de Dios; Tambopata; Las Piedras;14883
170104;Madre de Dios; Tambopata; Laberinto;6283
170201;Madre de Dios; Manu; Manu;2488
170202;Madre de Dios; Manu; Fitzcarrald;1525
170203;Madre de Dios; Manu; Madre de Dios;7301
170204;Madre de Dios; Manu; Huepetuhe;10069
170301;Madre de Dios; Tahuamanu; Iñapari;2756
170302;Madre de Dios; Tahuamanu; Iberia;6170
170303;Madre de Dios; Tahuamanu; Tahuamanu;3384
180101;Moquegua; Mariscal Nieto; Moquegua;68273
180102;Moquegua; Mariscal Nieto; Carumas;2496
180103;Moquegua; Mariscal Nieto; Cuchumbaya;807
180104;Moquegua; Mariscal Nieto; Samegua;8924
180105;Moquegua; Mariscal Nieto; San Cristóbal;1783
180106;Moquegua; Mariscal Nieto; Torata;6564
180201;Moquegua; General Sánchez Cerro; Omate;3266
180202;Moquegua; General Sánchez Cerro; Chojata;754
180203;Moquegua; General Sánchez Cerro; Coalaque;1028
180204;Moquegua; General Sánchez Cerro; Ichuña;3207
180205;Moquegua; General Sánchez Cerro; La Capilla;681
180206;Moquegua; General Sánchez Cerro; Lloque;604
180207;Moquegua; General Sánchez Cerro; Matalaque;487
180208;Moquegua; General Sánchez Cerro; Puquina;2608
180209;Moquegua; General Sánchez Cerro; Quinistaquillas;559
180210;Moquegua; General Sánchez Cerro; Ubinas;1877
180211;Moquegua; General Sánchez Cerro; Yunga;941
180301;Moquegua; Ilo; Ilo;68786
180302;Moquegua; Ilo; El Algarrobal;3724
180303;Moquegua; Ilo; Pacocha;4648
190101;Pasco; Pasco; Chaupimarca;27418
190102;Pasco; Pasco; Huachon;4638
190103;Pasco; Pasco; Huariaca;7201
190104;Pasco; Pasco; Huayllay;9748
190105;Pasco; Pasco; Ninacaca;4111
190106;Pasco; Pasco; Pallanchacra;1841
190107;Pasco; Pasco; Paucartambo;11637
190108;Pasco; Pasco; San Francisco de Asís de Yarusyacan;4746
190109;Pasco; Pasco; Simon Bolívar;13029
190110;Pasco; Pasco; Ticlacayan;3463
190111;Pasco; Pasco; Tinyahuarco;7027
190112;Pasco; Pasco; Vicco;3561
190113;Pasco; Pasco; Yanacancha;31260
190201;Pasco; Daniel Alcides Carrión; Yanahuanca;12060
190202;Pasco; Daniel Alcides Carrión; Chacayan;2136
190203;Pasco; Daniel Alcides Carrión; Goyllarisquizga;1617
190204;Pasco; Daniel Alcides Carrión; Paucar;1871
190205;Pasco; Daniel Alcides Carrión; San Pedro de Pillao;1442
190206;Pasco; Daniel Alcides Carrión; Santa Ana de Tusi;22634
190207;Pasco; Daniel Alcides Carrión; Tapuc;2469
190208;Pasco; Daniel Alcides Carrión; Vilcabamba;2058
190301;Pasco; Oxapampa; Oxapampa;16565
190302;Pasco; Oxapampa; Chontabamba;5637
190303;Pasco; Oxapampa; Huancabamba;6891
190304;Pasco; Oxapampa; Palcazu;8257
190305;Pasco; Oxapampa; Pozuzo;5128
190306;Pasco; Oxapampa; Puerto Bermúdez;19698
190307;Pasco; Oxapampa; Villa Rica;18763
190308;Pasco; Oxapampa; Constitución;15230
200101;Piura; Piura; Piura;164791
200104;Piura; Piura; Castilla;166684
200105;Piura; Piura; Catacaos;76494
200107;Piura; Piura; Cura Mori;19065
200108;Piura; Piura; El Tallan;5453
200109;Piura; Piura; La Arena;39174
200110;Piura; Piura; La Unión;41826
200111;Piura; Piura; Las Lomas;28287
200114;Piura; Piura; Tambo Grande;115877
200115;Piura; Piura; Veintiseis de Octubre;170692
200201;Piura; Ayabaca; Ayabaca;33482
200202;Piura; Ayabaca; Frias;21350
200203;Piura; Ayabaca; Jilili;2686
200204;Piura; Ayabaca; Lagunas;5880
200205;Piura; Ayabaca; Montero;6659
200206;Piura; Ayabaca; Pacaipampa;23188
200207;Piura; Ayabaca; Paimas;10060
200208;Piura; Ayabaca; Sapillica;10901
200209;Piura; Ayabaca; Sicchez;1728
200210;Piura; Ayabaca; Suyo;11801
200301;Piura; Huancabamba; Huancabamba;29115
200302;Piura; Huancabamba; Canchaque;7757
200303;Piura; Huancabamba; El Carmen de la Frontera;11784
200304;Piura; Huancabamba; Huarmaca;37267
200305;Piura; Huancabamba; Lalaquiz;4288
200306;Piura; Huancabamba; San Miguel de El Faique;9184
200307;Piura; Huancabamba; Sondor;7494
200308;Piura; Huancabamba; Sondorillo;10858
200401;Piura; Morropón; Chulucanas;85456
200402;Piura; Morropón; Buenos Aires;9735
200403;Piura; Morropón; Chalaco;7994
200404;Piura; Morropón; La Matanza;14345
200405;Piura; Morropón; Morropón;15457
200406;Piura; Morropón; Salitral;8823
200407;Piura; Morropón; San Juan de Bigote;6655
200408;Piura; Morropón; Santa Catalina de Mossa;3846
200409;Piura; Morropón; Santo Domingo;6288
200410;Piura; Morropón; Yamango;8862
200501;Piura; Paita; Paita;93440
200502;Piura; Paita; Amotape;2437
200503;Piura; Paita; Arenal;1195
200504;Piura; Paita; Colan;15608
200505;Piura; Paita; La Huaca;13189
200506;Piura; Paita; Tamarindo;5038
200507;Piura; Paita; Vichayal;5801
200601;Piura; Sullana; Sullana;179109
200602;Piura; Sullana; Bellavista;37678
200603;Piura; Sullana; Ignacio Escudero;20479
200604;Piura; Sullana; Lancones;13028
200605;Piura; Sullana; Marcavelica;30350
200606;Piura; Sullana; Miguel Checa;9406
200607;Piura; Sullana; Querecotillo;26875
200608;Piura; Sullana; Salitral;7191
200701;Piura; Talara; Pariñas;99551
200702;Piura; Talara; El Alto;8412
200703;Piura; Talara; La Brea;12833
200704;Piura; Talara; Lobitos;1382
200705;Piura; Talara; Los Organos;10997
200706;Piura; Talara; Mancora;13073
200801;Piura; Sechura; Sechura;45778
200802;Piura; Sechura; Bellavista de la Unión;4841
200803;Piura; Sechura; Bernal;7176
200804;Piura; Sechura; Cristo Nos Valga;4497
200805;Piura; Sechura; Vice;16290
200806;Piura; Sechura; Rinconada Llicuar;3030
210101;Puno; Puno; Puno;139096
210102;Puno; Puno; Acora;24254
210103;Puno; Puno; Amantani;3557
210104;Puno; Puno; Atuncolla;4817
210105;Puno; Puno; Capachica;7826
210106;Puno; Puno; Chucuito;7426
210107;Puno; Puno; Coata;6941
210108;Puno; Puno; Huata;3302
210109;Puno; Puno; Mañazo;5324
210110;Puno; Puno; Paucarcolla;4431
210111;Puno; Puno; Pichacani;5889
210112;Puno; Puno; Plateria;7469
210113;Puno; Puno; San Antonio;2649
210114;Puno; Puno; Tiquillaca;1688
210115;Puno; Puno; Vilque;2996
210201;Puno; Azángaro; Azángaro;30733
210202;Puno; Azángaro; Achaya;2980
210203;Puno; Azángaro; Arapa;7356
210204;Puno; Azángaro; Asillo;15161
210205;Puno; Azángaro; Caminaca;3115
210206;Puno; Azángaro; Chupa;6835
210207;Puno; Azángaro; José Domingo Choquehuanca;4828
210208;Puno; Azángaro; Muñani;6976
210209;Puno; Azángaro; Potoni;4094
210210;Puno; Azángaro; Saman;10062
210211;Puno; Azángaro; San Anton;7653
210212;Puno; Azángaro; San José;5100
210213;Puno; Azángaro; San Juan de Salinas;3069
210214;Puno; Azángaro; Santiago de Pupuja;4725
210215;Puno; Azángaro; Tirapata;2985
210301;Puno; Carabaya; Macusani;13631
210302;Puno; Carabaya; Ajoyani;2354
210303;Puno; Carabaya; Ayapata;9501
210304;Puno; Carabaya; Coasa;6881
210305;Puno; Carabaya; Corani;4482
210306;Puno; Carabaya; Crucero;9741
210307;Puno; Carabaya; Ituata;7998
210308;Puno; Carabaya; Ollachea;6174
210309;Puno; Carabaya; San Gaban;7061
210310;Puno; Carabaya; Usicayos;9232
210401;Puno; Chucuito; Juli;20994
210402;Puno; Chucuito; Desaguadero;14266
210403;Puno; Chucuito; Huacullani;9628
210404;Puno; Chucuito; Kelluyo;7891
210405;Puno; Chucuito; Pisacoma;8784
210406;Puno; Chucuito; Pomata;14647
210407;Puno; Chucuito; Zepita;17813
210501;Puno; El Collao; Ilave;49454
210502;Puno; El Collao; Capazo;1216
210503;Puno; El Collao; Pilcuyo;11331
210504;Puno; El Collao; Santa Rosa;3701
210505;Puno; El Collao; Conduriri;2700
210601;Puno; Huancané; Huancané;19270
210602;Puno; Huancané; Cojata;4038
210603;Puno; Huancané; Huatasani;3296
210604;Puno; Huancané; Inchupalla;2751
210605;Puno; Huancané; Pusi;5311
210606;Puno; Huancané; Rosaspata;4286
210607;Puno; Huancané; Taraco;13631
210608;Puno; Huancané; Vilque Chico;7796
210701;Puno; Lampa; Lampa;11641
210702;Puno; Lampa; Cabanilla;5848
210703;Puno; Lampa; Calapuja;1690
210704;Puno; Lampa; Nicasio;2473
210705;Puno; Lampa; Ocuviri;2422
210706;Puno; Lampa; Palca;1930
210707;Puno; Lampa; Paratia;2903
210708;Puno; Lampa; Pucara;5536
210709;Puno; Lampa; Santa Lucia;7456
210710;Puno; Lampa; Vilavila;1308
210801;Puno; Melgar; Ayaviri;25057
210802;Puno; Melgar; Antauta;5556
210803;Puno; Melgar; Cupi;2116
210804;Puno; Melgar; Llalli;2732
210805;Puno; Melgar; Macari;7350
210806;Puno; Melgar; Nuñoa;8815
210807;Puno; Melgar; Orurillo;8041
210808;Puno; Melgar; Santa Rosa;6420
210809;Puno; Melgar; Umachiri;3897
210901;Puno; Moho  ; Moho;11877
210902;Puno; Moho  ; Conima;3289
210903;Puno; Moho  ; Huayrapata;2742
210904;Puno; Moho  ; Tilali;2602
211001;Puno; San Antonio de Putina; Putina;14996
211002;Puno; San Antonio de Putina; Ananea;12965
211003;Puno; San Antonio de Putina; Pedro Vilca Apaza;2016
211004;Puno; San Antonio de Putina; Quilcapuncu;5435
211005;Puno; San Antonio de Putina; Sina;1751
211101;Puno; San Román; Juliaca;235110
211102;Puno; San Román; Cabana;5215
211103;Puno; San Román; Cabanillas;4644
211104;Puno; San Román; Caracoto;7119
211105;Puno; San Román; San Miguel;65422
211201;Puno; Sandia; Sandia;11420
211202;Puno; Sandia; Cuyocuyo;5568
211203;Puno; Sandia; Limbani;3358
211204;Puno; Sandia; Patambuco;4218
211205;Puno; Sandia; Phara;5853
211206;Puno; Sandia; Quiaca;2290
211207;Puno; Sandia; San Juan del Oro;4055
211208;Puno; Sandia; Yanahuaya;2173
211209;Puno; Sandia; Alto Inambari;7487
211210;Puno; Sandia; San Pedro de Putina Punco;10298
211301;Puno; Yunguyo; Yunguyo;25434
211302;Puno; Yunguyo; Anapia;1836
211303;Puno; Yunguyo; Copani;5011
211304;Puno; Yunguyo; Cuturapi;1386
211305;Puno; Yunguyo; Ollaraya;2900
211306;Puno; Yunguyo; Tinicachi;974
211307;Puno; Yunguyo; Unicachi;1105
220101;San Martín; Moyobamba; Moyobamba;81084
220102;San Martín; Moyobamba; Calzada;4640
220103;San Martín; Moyobamba; Habana;1691
220104;San Martín; Moyobamba; Jepelacio;16519
220105;San Martín; Moyobamba; Soritor;23082
220106;San Martín; Moyobamba; Yantalo;2893
220201;San Martín; Bellavista; Bellavista;17686
220202;San Martín; Bellavista; Alto Biavo;8715
220203;San Martín; Bellavista; Bajo Biavo;14334
220204;San Martín; Bellavista; Huallaga;2756
220205;San Martín; Bellavista; San Pablo;8734
220206;San Martín; Bellavista; San Rafael;6145
220301;San Martín; El Dorado; San José de Sisa;16176
220302;San Martín; El Dorado; Agua Blanca;2403
220303;San Martín; El Dorado; San Martín;12231
220304;San Martín; El Dorado; Santa Rosa;7013
220305;San Martín; El Dorado; Shatoja;3094
220401;San Martín; Huallaga; Saposoa;14269
220402;San Martín; Huallaga; Alto Saposoa;4685
220403;San Martín; Huallaga; El Eslabón;2153
220404;San Martín; Huallaga; Piscoyacu;4472
220405;San Martín; Huallaga; Sacanche;2476
220406;San Martín; Huallaga; Tingo de Saposoa;816
220501;San Martín; Lamas; Lamas;15052
220502;San Martín; Lamas; Alonso de Alvarado;14638
220503;San Martín; Lamas; Barranquita;6958
220504;San Martín; Lamas; Caynarachi;10345
220505;San Martín; Lamas; Cuñumbuqui;3350
220506;San Martín; Lamas; Pinto Recodo;9209
220507;San Martín; Lamas; Rumisapa;3552
220508;San Martín; Lamas; San Roque de Cumbaza;1679
220509;San Martín; Lamas; Shanao;2038
220510;San Martín; Lamas; Tabalosos;14238
220511;San Martín; Lamas; Zapatero;5689
220601;San Martín; Mariscal Cáceres; Juanjuí;32660
220602;San Martín; Mariscal Cáceres; Campanilla;14785
220603;San Martín; Mariscal Cáceres; Huicungo;8669
220604;San Martín; Mariscal Cáceres; Pachiza;6191
220605;San Martín; Mariscal Cáceres; Pajarillo;5688
220701;San Martín; Picota; Picota;10731
220702;San Martín; Picota; Buenos Aires;3063
220703;San Martín; Picota; Caspisapa;2137
220704;San Martín; Picota; Pilluana;886
220705;San Martín; Picota; Pucacaca;2996
220706;San Martín; Picota; San Cristóbal;1223
220707;San Martín; Picota; San Hilarión;3948
220708;San Martín; Picota; Shamboyacu;9671
220709;San Martín; Picota; Tingo de Ponasa;3917
220710;San Martín; Picota; Tres Unidos;4140
220801;San Martín; Rioja; Rioja;25865
220802;San Martín; Rioja; Awajun;7892
220803;San Martín; Rioja; Elías Soplin Vargas;18014
220804;San Martín; Rioja; Nueva Cajamarca;44597
220805;San Martín; Rioja; Pardo Miguel;17283
220806;San Martín; Rioja; Posic;1940
220807;San Martín; Rioja; San Fernando;3724
220808;San Martín; Rioja; Yorongos;2694
220809;San Martín; Rioja; Yuracyacu;3904
220901;San Martín; San Martín; Tarapoto;80270
220902;San Martín; San Martín; Alberto Leveau;901
220903;San Martín; San Martín; Cacatachi;3621
220904;San Martín; San Martín; Chazuta;10186
220905;San Martín; San Martín; Chipurana;2298
220906;San Martín; San Martín; El Porvenir;2453
220907;San Martín; San Martín; Huimbayoc;5303
220908;San Martín; San Martín; Juan Guerra;3963
220909;San Martín; San Martín; La Banda de Shilcayo;44601
220910;San Martín; San Martín; Morales;38499
220911;San Martín; San Martín; Papaplaya;2140
220912;San Martín; San Martín; San Antonio;1686
220913;San Martín; San Martín; Sauce;7469
220914;San Martín; San Martín; Shapaja;1972
221001;San Martín; Tocache; Tocache;29810
221002;San Martín; Tocache; Nuevo Progreso;12247
221003;San Martín; Tocache; Polvora;10994
221004;San Martín; Tocache; Shunte;1328
221005;San Martín; Tocache; Uchiza;21285
230101;Tacna; Tacna; Tacna;100612
230102;Tacna; Tacna; Alto de la Alianza;35187
230103;Tacna; Tacna; Calana;3227
230104;Tacna; Tacna; Ciudad Nueva;33025
230105;Tacna; Tacna; Inclan;2913
230106;Tacna; Tacna; Pachia;2194
230107;Tacna; Tacna; Palca;2006
230108;Tacna; Tacna; Pocollay;18834
230109;Tacna; Tacna; Sama;3352
230110;Tacna; Tacna; Coronel Gregorio Albarracin Lanchipa;116636
230111;Tacna; Tacna; La Yarada los Palos;6433
230201;Tacna; Candarave; Candarave;2502
230202;Tacna; Candarave; Cairani;1036
230203;Tacna; Candarave; Camilaca;1221
230204;Tacna; Candarave; Curibaya;402
230205;Tacna; Candarave; Huanuara;536
230206;Tacna; Candarave; Quilahuani;753
230301;Tacna; Jorge Basadre; Locumba;2531
230302;Tacna; Jorge Basadre; Ilabaya;6069
230303;Tacna; Jorge Basadre; Ite;3208
230401;Tacna; Tarata; Tarata;3736
230402;Tacna; Tarata; Héroes Albarracín;335
230403;Tacna; Tarata; Estique;261
230404;Tacna; Tarata; Estique-Pampa;175
230405;Tacna; Tarata; Sitajara;371
230406;Tacna; Tarata; Susapaya;545
230407;Tacna; Tarata; Tarucachi;334
230408;Tacna; Tarata; Ticaco;622
240101;Tumbes; Tumbes; Tumbes;107066
240102;Tumbes; Tumbes; Corrales;24103
240103;Tumbes; Tumbes; La Cruz;9866
240104;Tumbes; Tumbes; Pampas de Hospital;7139
240105;Tumbes; Tumbes; San Jacinto;8614
240106;Tumbes; Tumbes; San Juan de la Virgen;4581
240201;Tumbes; Contralmirante Villar; Zorritos;12708
240202;Tumbes; Contralmirante Villar; Casitas;2532
240203;Tumbes; Contralmirante Villar; Canoas de Punta Sal;6666
240301;Tumbes; Zarumilla; Zarumilla;23337
240302;Tumbes; Zarumilla; Aguas Verdes;18169
240303;Tumbes; Zarumilla; Matapalo;3435
240304;Tumbes; Zarumilla; Papayal;6482
250101;Ucayali; Coronel Portillo; Calleria;162824
250102;Ucayali; Coronel Portillo; Campoverde;18000
250103;Ucayali; Coronel Portillo; Iparia;11909
250104;Ucayali; Coronel Portillo; Masisea;11795
250105;Ucayali; Coronel Portillo; Yarinacocha;110138
250106;Ucayali; Coronel Portillo; Nueva Requena;5560
250107;Ucayali; Coronel Portillo; Manantay;97829
250201;Ucayali; Atalaya; Raymondi;37782
250202;Ucayali; Atalaya; Sepahua;7841
250203;Ucayali; Atalaya; Tahuania;9746
250204;Ucayali; Atalaya; Yurua;2222
250301;Ucayali; Padre Abad; Padre Abad;34819
250302;Ucayali; Padre Abad; Irazola;10941
250303;Ucayali; Padre Abad; Curimana;9158
250304;Ucayali; Padre Abad; Neshuya;9003
250305;Ucayali; Padre Abad; Alexander Von Humboldt;6085
250401;Ucayali; Purús; Purús;3346